time,EKF_roll [deg],EKF_pitch [deg],EKF_yaw [deg]
50.180591,0.11,0.12551643192491344,0.04724178403755716
50.190625999999995,0.10568412505071186,0.13,0.047157937474658025
50.201223,0.10569174757283552,0.1347694174757215,0.04476941747573762
50.211089,0.10410165484637604,0.13529944838454133,0.05529944838454787
50.220841,0.09119523443506526,0.14253651037662315,0.06626825518830814
50.230484999999994,0.08470681458002603,0.14764659270998698,0.0676465927099823
50.240576999999995,0.0926685506661045,0.14,0.0573314493339002
50.250817,0.09,0.14,0.05000000000001137
50.260839,0.0863920000000111,0.1463920000000111,0.05360799999999699
50.270969,0.08580595284111314,0.14580595284111314,0.05419404715889441
50.280663999999994,0.0870848267622553,0.15,0.0529151732377534
50.290574,0.09475751503003188,0.15,0.060000000000002274
50.300793999999996,0.09297385620916693,0.15,0.060000000000002274
50.310843999999996,0.10270766773165826,0.14364616613417086,0.060000000000002274
50.32112,0.10029225908371976,0.14485387045814013,0.060000000000002274
50.330527,0.09745762711864597,0.14254237288135405,0.060000000000002274
50.340607,0.09,0.1427393939393999,0.06273939393939967
50.350916,0.09602862985685398,0.13397137014314603,0.060000000000002274
50.361075,0.10073929961088117,0.13463035019455943,0.060000000000002274
50.370798,0.10647036032544611,0.1335296396745539,0.06352963967455295
50.380578,0.10726954492414197,0.14273045507585805,0.07273045507584873
50.39067,0.10311403508773459,0.15,0.07999999999998408
50.40085,0.10372422159320702,0.14627577840679298,0.07627577840678046
50.410871,0.11156438026478106,0.1361452065784063,0.066145206578403
50.420826999999996,0.10742992499011084,0.14,0.05628503750495024
50.430568,0.11523906824685391,0.13738046587657304,0.057380465876577705
50.440701,0.10311836734693014,0.13376326530613974,0.05688163265307498
50.450809,0.11,0.1264710610932464,0.060000000000002274
50.46085,0.12,0.11,0.07372192099147828
50.470858,0.1323531730390153,0.11,0.08999999999997499
50.480692,0.12383116883116228,0.11,0.09308441558440858
50.490609,0.11451027811365366,0.11274486094317317,0.08274486094315475
50.501194,0.1,0.11499802449623749,0.08999999999997499
50.511387,0.1,0.0921131186174046,0.08999999999997499
50.521082,0.10525875796178115,0.07051751592356229,0.08999999999997499
50.530575999999996,0.11,0.03485245901640194,0.09742622950821142
50.540641,0.13,-0.0,0.10000000000002274
50.55079,0.14,-0.03659797979798088,0.10000000000002274
50.560894,0.1439757148452802,-0.0660242851547198,0.11000000000001364
50.570814,0.14356126482212997,-0.0928774703557401,0.11000000000001364
50.580619,0.15,-0.1272030497592241,0.10000000000002274
50.590664999999994,0.14398106216554216,-0.16398106216554217,0.08300946891721027
50.600865,0.14,-0.2138425746413344,0.07384257464132409
50.610811999999996,0.14110152881220825,-0.2648020384162777,0.05629949039593622
50.620925,0.17784860557768656,-0.3335458167330596,0.03215139442231876
50.630589,0.20267617107944821,-0.42338085539724096,-0.0026761710794481973
50.640653,0.24291087489779362,-0.5087326246933809,-0.03291087489779362
50.650808,0.2972648221344124,-0.5936324110672062,-0.06363241106720621
50.660916,0.3319152276295042,-0.6659576138147522,-0.0940423861852479
50.670767,0.34974519796158676,-0.7231634653077245,-0.12
50.680631999999996,0.3743362831858437,-0.7843362831858438,-0.13716814159292187
50.690728,0.4132405165456159,-0.84,-0.16
50.701125,0.4796530214424853,-0.9041325536062133,-0.18482651072124265
50.711059,0.5473659673659881,-0.987365967365988,-0.21912198912199604
50.720839,0.6108000000000068,-1.0708000000000069,-0.2472000000000045
50.730647999999995,0.68,-1.16,-0.28
50.740632,0.76,-1.2472413793103418,-0.31
50.750909,0.84,-1.336004700352509,-0.33
50.760813,0.923627450980402,-1.4036274509804019,-0.353627450980402
50.771148,1.019642276422743,-1.4947317073170572,-0.3849105691056858
50.780660999999995,1.121025537089498,-1.581025537089498,-0.4160072963112851
50.790769999999995,1.2262128712871014,-1.7062128712871014,-0.4532425742574203
50.800793,1.32,-1.850572687224704,-0.48
50.810893,1.4060635792778549,-1.97787284144429,-0.5039364207221451
50.820837,1.4763357843137193,-2.09,-0.5236642156862807
50.830669,1.5329975530179623,-2.1959951060359244,-0.55
50.840731,1.6065999199039112,-2.313279935923129,-0.57
50.850806,1.6880561043066473,-2.424444883445318,-0.59
50.860825999999996,1.76,-2.54124401913876,-0.61
50.870737,1.8036352408398308,-2.6563647591601693,-0.6331823795800846
50.880697,1.846892057026477,-2.769323828920569,-0.653107942973523
50.890702999999995,1.886234076433101,-2.8893511146496516,-0.6762340764331012
50.900973,1.9669332813110019,-2.988466640655501,-0.7057666796722495
50.910789,2.03413793103453,-3.067068965517265,-0.73
50.920873,2.09,-3.15758282208592,-0.75
50.930662999999996,2.151213235294163,-3.2358578431372247,-0.78
50.940692,2.2,-3.302115919015472,-0.8060579595077358
50.951217,2.245165224232904,-3.365495672698711,-0.8403304484658074
50.961093999999996,2.3143100713718936,-3.4247700237906313,-0.8747700237906313
50.970838,2.3648040404040764,-3.46,-0.9
50.980666,2.4229534313725507,-3.5,-0.92
50.990621999999995,2.4628756375048892,-3.528626912514667,-0.9457512750097781
51.0008,2.496411464467995,-3.55717707106401,-0.9771770710640101
51.010884999999995,2.52,-3.567715534366294,-1.013857767183147
51.021235999999995,2.565806845965731,-3.5847310513447566,-1.05
51.030659,2.5888929440389576,-3.5870356853203473,-1.0870356853203476
51.040603999999995,2.6271067415730434,-3.5928932584269564,-1.12
51.05081,2.6635592563904025,-3.5871185127808043,-1.1571185127808044
51.060713,2.71,-3.58,-1.1964817048653287
51.070775999999995,2.756895161290281,-3.56,-1.2468951612902806
51.080721999999994,2.8167960000000147,-3.543592000000029,-1.2932039999999854
51.090492999999995,2.8724261771747757,-3.5275738228252242,-1.3348523543495514
51.100756999999994,2.9334033280507055,-3.513403328050705,-1.3834033280507052
51.111042,3.0079935275080953,-3.5044983818770237,-1.4344983818770238
51.120829,3.0836147443519653,-3.486385255648035,-1.4736147443519654
51.130652999999995,3.1442094782955143,-3.4613142174432716,-1.52
51.140511,3.2024587588373845,-3.4150824823252313,-1.564917517674769
51.150763999999995,3.2469077901430405,-3.36,-1.6169077901430404
51.160742,3.3166746794871784,-3.296662660256411,-1.67
51.170852,3.347357723577205,-3.1952845528455898,-1.7136788617886025
51.180876999999995,3.362397151898755,-3.080992879746887,-1.7638014240506226
51.19061,3.3487697160883236,-2.951577287066243,-1.812807570977919
51.201155,3.3,-2.8150117924528284,-1.8749646226415149
51.211147,3.274912423625244,-2.690175152749512,-1.929824847250488
51.220828,3.244589764419154,-2.5590576766856343,-1.9836474411047884
51.230658,3.2142822870851746,-2.4157057177129366,-2.04
51.240531999999995,3.1647768206735165,-2.2747768206735164,-2.0925371965544137
51.250792,3.0819089456869038,-2.119145367412142,-2.1472364217252387
51.260777999999995,3.033380509502624,-1.9766194904973757,-2.2067610190052487
51.271195999999996,3.0203141574867294,-1.829371685026541,-2.275157078743365
51.280682,2.993074509803934,-1.6977019607842636,-2.323074509803934
51.290696,2.9838093369949075,-1.5345233424872677,-2.38
51.300793,2.9693984962406,-1.3693984962406003,-2.427067669172933
51.310784999999996,2.9564481525625896,-1.2193444576877688,-2.490655542312231
51.320918999999996,2.95,-1.0698498376623422,-2.5540300324675314
51.330596,2.952837190742225,-0.9101396648044283,-2.61
51.340573,2.9573475851148037,-0.7267379255740191,-2.6673475851148036
51.350902999999995,2.946058751529996,-0.5581762545899879,-2.7139412484700043
51.360927,2.9259788789601906,-0.40195775792038113,-2.7680422420796185
51.370853,2.8962574493444566,-0.23877234803336952,-2.827485101311087
51.380775,2.8835329341317526,-0.09586826347298935,-2.8770658682635055
51.390507,2.867361165813348,0.0422686096889139,-2.9249074438755653
51.400729999999996,2.8502610114192564,0.1994779771614869,-2.9767536704730855
51.410815,2.809218372280417,0.3443755036261103,-3.02
51.420809999999996,2.7591947639825767,0.4672034906782822,-3.057203490678282
51.430516999999995,2.697603305785136,0.58,-3.1071900826445926
51.440585,2.636420722134978,0.6754317111460089,-3.155431711146009
51.451156,2.53,0.775020374898132,-3.215020374898132
51.461203999999995,2.4151104861390036,0.8755524306950185,-3.25
51.470904999999995,2.26,0.9654952076676884,-3.29
51.480632,2.115306845003844,1.0529386309992312,-3.332938630999231
51.490508,1.8924110980851225,1.1250254005471079,-3.38
51.500744,1.6403751512706721,1.1865832997176284,-3.423291649858814
51.511139,1.3908407437346728,1.2448949070331659,-3.4697898140663317
51.521207,1.1445723295230597,1.29506109578242,-3.51506109578242
51.530682,0.9176670574442669,1.3330832356389333,-3.5630832356389335
51.540582,0.6844988161010009,1.37,-3.6027505919494995
51.55076,0.45665991902834757,1.3966599190283475,-3.6533400809716525
51.561014,0.2207636363635445,1.414359595959606,-3.694359595959606
51.570839,-1.4228895839352163e-13,1.437272727272753,-3.74
51.580683,-0.23773255813964295,1.4723255813953968,-3.783081395348849
51.590542,-0.48289752650184414,1.5151590106007378,-3.822579505300369
51.600849,-0.7122058823529437,1.5537009803921573,-3.8637009803921574
51.610819,-0.9413461538462278,1.5828846153845908,-3.9035576923077047
51.620816,-1.197456809963843,1.602543190036157,-3.947456809963843
51.630579999999995,-1.430960629921211,1.6272598425196971,-3.9827401574803027
51.640567999999995,-1.6933440903588834,1.6551875756353074,-4.02
51.650907,-1.9791281211624374,1.6797093737208124,-4.05
51.660812,-2.2891774716371582,1.7206847649919523,-4.08356158833065
51.670795999999996,-2.5960502838604564,1.75,-4.107210056772091
51.680589,-2.9038222571765764,1.7744710971293696,-4.14
51.690566999999994,-3.1931130928251874,1.7821321443048879,-4.172622618565037
51.701172,-3.485100969305363,1.7899596122778547,-4.1950201938610725
51.711182,-3.790024077046659,1.8000080256822197,-4.21500401284111
51.720805999999996,-4.066287425149713,1.8072574850299425,-4.24
51.730564,-4.349203155818787,1.815309664694325,-4.2526548323471625
51.740677,-4.637481481481529,1.81,-4.27
51.750828,-4.905651465798064,1.81,-4.283664495114009
51.760819,-5.157698412698441,1.796460317460312,-4.296460317460312
51.771063999999996,-5.408477398889782,1.780761300555109,-4.31
51.780589,-5.621328671328687,1.761503496503485,-4.32
51.790637999999994,-5.868540145985369,1.724306569343087,-4.322846715328456
51.800824999999996,-6.092633728052146,1.7036259697835718,-4.34
51.810829,-6.2960000000000225,1.6908000000000067,-4.352799999999996
51.82082,-6.519195940671327,1.6972989851678317,-4.36
51.830594999999995,-6.7366956521738866,1.6872173913043522,-4.362782608695648
51.840609,-6.9183145615446735,1.6644569589702176,-4.372771520514891
51.850797,-7.08,1.632970779220752,-4.383514610389624
51.861008999999996,-7.231331444759238,1.6113314447592384,-4.395665722379619
51.870841999999996,-7.364974599452878,1.6037436498632196,-4.4
51.88055,-7.480817610062898,1.6026022012578622,-4.407397798742138
51.890598999999995,-7.620654664484397,1.6,-4.402663666121099
51.900855,-7.697431604736648,1.5925683952633525,-4.403715802368324
51.910868,-7.736102299762072,1.5861022997620722,-4.4138977002379285
51.920949,-7.73,1.6023700543056882,-4.42
51.930547999999995,-7.71,1.6305631067960469,-4.422640776699011
51.940633999999996,-7.65,1.6658776167471534,-4.43
51.951308,-7.552009764035841,1.704401952807168,-4.43
51.961132,-7.421048136645883,1.7403493788819608,-4.44
51.970879,-7.256629126213659,1.79,-4.45
51.980601,-7.063807582551861,1.8526987362413567,-4.462698736241356
51.990674,-6.846507413509092,1.9229365733113635,-4.47
52.000831999999996,-6.585252934034884,1.991060299473837,-4.48
52.010874,-6.3309956538917,2.06140260766498,-4.49
52.020787999999996,-6.069169899146626,2.153886733902249,-4.503471683475563
52.030609999999996,-5.79785858585865,2.2255353535353377,-4.512767676767669
52.040608999999996,-5.491873735329811,2.3028126264670186,-4.53
52.050829,-5.173717532467485,2.3636282467532514,-4.54
52.060885999999996,-4.860688448074681,2.44,-4.55
52.071065,-4.532147047321074,2.5092843175596418,-4.554642158779821
52.080633,-4.239901275195408,2.567128753599344,-4.562871246400656
52.090621,-3.930285255122533,2.61,-4.572816392125353
52.100949,-3.6094220110845474,2.6581155977830906,-4.59
52.110802,-3.3205072748720625,2.7143609909556137,-4.59
52.120843,-3.0040549961270098,2.7711192873741384,-4.586293570875287
52.130592,-2.7165321923390207,2.8126935615321957,-4.587306438467804
52.140631,-2.4456968711905755,2.8442787484762304,-4.58
52.150864,-2.183798418972234,2.8625138339920673,-4.573743083003967
52.160959999999996,-1.917111801242271,2.88,-4.57
52.170880999999994,-1.670755537974772,2.911546677215137,-4.57
52.180675,-1.4420709335506792,2.961952710966214,-4.56
52.190746,-1.2272514619883523,3.013249791144521,-4.55
52.201135,-1.0058087649401783,3.055115537848597,-4.535115537848597
52.211076,-0.8067200938233312,3.1,-4.53
52.220804,-0.631992263056041,3.16,-4.52
52.230622,-0.4690116982654316,3.2282412263009266,-4.51
52.240631,-0.2942404549146857,3.3143988627132854,-4.507120227457342
52.250811999999996,-0.13211189913322383,3.4178881008667763,-4.49
52.260915,0.005719410123538224,3.5417895575926535,-4.48
52.270793,0.13717867091128816,3.650768006366932,-4.476410664544356
52.280742,0.27333333333329535,3.7733333333333237,-4.466666666666676
52.29062,0.3983785974868318,3.895585731657888,-4.46
52.300767,0.5069041963578976,4.020356294536846,-4.453452098178949
52.310767,0.6234545454545577,4.160363636363673,-4.443454545454558
52.321183999999995,0.7452138492871503,4.310285132382867,-4.44
52.330588999999996,0.8610372771474887,4.453796596434361,-4.43
52.340604,0.9612939297124592,4.594117412140574,-4.42
52.350846,1.077474903474912,4.744949806949824,-4.406262548262545
52.360976,1.1786399371069447,4.878639937106945,-4.385680031446527
52.371005,1.2686999182338505,5.014349959116925,-4.374349959116925
52.380660999999996,1.35,5.142953535353538,-4.3629535353535385
52.390643,1.4328577090764947,5.258573127229485,-4.35
52.400838,1.511363457760363,5.378939096267272,-4.3362121807465455
52.410768999999995,1.583939873417688,5.49742484177211,-4.326515031645578
52.420776,1.653453005244044,5.62726502622022,-4.303093989511912
52.430614,1.7027757427757335,5.745551485551467,-4.287224257224267
52.440678999999996,1.763085106382971,5.86,-4.27
52.451105,1.81,5.95,-4.26
52.461270999999996,1.8392585327579472,6.036112200863079,-4.25
52.470741,1.8734752912816615,6.119787063077507,-4.24
52.480703999999996,1.91,6.2058225283629715,-4.23
52.490631,1.9539618138425727,6.2827923627685145,-4.22
52.500813,2.0145454545454746,6.326363636363632,-4.21
52.510807,2.097351097178718,6.352648902821282,-4.21
52.520789,2.1771098726114957,6.373554936305748,-4.21
52.530696999999996,2.2731316872427905,6.386263374485582,-4.2068683127572095
52.540589,2.37,6.382763521515996,-4.202763521515997
52.550895,2.483974005513969,6.366025994486031,-4.21
52.560939999999995,2.6301369311316645,6.325972613773668,-4.21
52.571158999999994,2.8197015519297284,6.265029844807027,-4.205029844807028
52.580742,2.996547667342869,6.213363083164283,-4.196681541582142
52.590585999999995,3.185479452054758,6.151780821917864,-4.19
52.600843999999995,3.3637678288431068,6.072464342313786,-4.19
52.610814,3.537263922518161,5.972736077481839,-4.18363196125908
52.620889,3.719589930978507,5.878246041412896,-4.183917986195701
52.630641999999995,3.9085438455349553,5.7871520514883485,-4.187152051488348
52.640727999999996,4.102526233968106,5.680345899727955,-4.186781966575985
52.650759,4.261462839166421,5.556016515926036,-4.18
52.660835,4.4082432432432865,5.418108108108056,-4.18
52.670823999999996,4.522750704792593,5.271876761981482,-4.18
52.680678,4.600910556003157,5.116970185334385,-4.186970185334386
52.690504,4.645105973025041,4.96510597302504,-4.187552986512521
52.701097,4.659475332811266,4.801049334377468,-4.185262333594367
52.711132,4.67,4.6009508196721765,-4.189762295081956
52.720821,4.662663110381598,4.400652441526394,-4.197336889618402
52.730669,4.637042755344406,4.195213776722029,-4.202957244655594
52.740624,4.595785319652704,3.981322020520944,-4.217107340173648
52.750771,4.553480662983437,3.783038674033127,-4.21
52.760766999999994,4.49665593561369,3.583279678068451,-4.21
52.77079,4.422892901107904,3.371571604431617,-4.21
52.78066,4.350857365549488,3.152572096648464,-4.21
52.790814,4.255468811298563,2.931836014123204,-4.203632797175359
52.800878999999995,4.146713203031584,2.722237734343861,-4.206118867171931
52.810742999999995,4.030088176352767,2.523362725450922,-4.196681362725461
52.821248999999995,3.93,2.328081466395184,-4.19
52.830649,3.813079029733971,2.1515258215961732,-4.18
52.840551999999995,3.707417192429042,1.964503154574252,-4.177417192429042
52.850684,3.5973883840378673,1.7673883840378675,-4.166847096009467
52.860994999999996,3.4739463917526305,1.6026309278350872,-4.16
52.870833,3.3473121735636973,1.4427360385697106,-4.16
52.880675,3.210914419695218,1.307276279796812,-4.153180930050797
52.890493,3.0823478602277334,1.158260698861333,-4.15
52.900824,2.990884955752265,1.015486725663646,-4.15
52.910956999999996,2.9,0.8831742146063274,-4.135793553651582
52.920829999999995,2.801897602600631,0.7563795205201262,-4.126379520520127
52.930657,2.704865601869894,0.6439462407479577,-4.12
52.940566999999994,2.599352179034259,0.5446760895171295,-4.112661955241435
52.951108999999995,2.485951698731138,0.43557101923868274,-4.11
52.961203999999995,2.4,0.3346043165467818,-4.11
52.970788,2.313995157385,0.24650121065374997,-4.09
52.980629,2.2470839874411275,0.16416797488225499,-4.084167974882255
52.990565,2.186578112609114,0.08926249008729098,-4.067315622521823
53.001017999999995,2.0811120097048477,0.0011120097048480104,-4.054443995147576
53.010791999999995,1.9960176991151195,-0.07048672566366028,-4.04
53.020824999999995,1.9058694802657417,-0.14353262993356458,-4.03
53.030491,1.8227030207924781,-0.2075676735974927,-4.017567673597492
53.04052,1.732500000000007,-0.24749999999999295,-4.0
53.050737,1.66,-0.2964814058030275,-3.9867592970984864
53.060851,1.5862535439449046,-0.34498582422038226,-3.9762535439449045
53.070805,1.519478957915808,-0.39402805611225616,-3.96
53.080614,1.4342700587084225,-0.44286497064578867,-3.942864970645789
53.090588,1.3662890625000368,-0.48451562500001466,-3.9372578125000075
53.100794,1.289341782502021,-0.502894521668014,-3.92
53.110766,1.23,-0.5234005647438601,-3.91
53.121109999999994,1.16,-0.5446642969984112,-3.8953357030015887
53.130545,1.117443667443665,-0.5651126651126704,-3.887443667443665
53.140577,1.0625636878285671,-0.5876910634857011,-3.87
53.150783,0.999395405078578,-0.61,-3.8535348649738075
53.160849999999996,0.9388156288156692,-0.6262718762718897,-3.84372812372811
53.170801999999995,0.8826478761413263,-0.64,-3.836323938070663
53.180755999999995,0.8234154929577429,-0.65,-3.82
53.190526,0.7875009838646108,-0.6650019677292215,-3.8075009838646108
53.201147999999996,0.735082494969825,-0.6601649899396502,-3.79016498993965
53.211234999999995,0.6847323943662009,-0.6705352112675983,-3.78
53.220805999999996,0.63,-0.668097913322585,-3.763619582664517
53.230489999999996,0.605263987391667,-0.6823680063041665,-3.7623680063041665
53.240595,0.5572653721682878,-0.6872653721682876,-3.76
53.250785,0.5235167948199174,-0.6794496155402476,-3.7564832051800825
53.361213,0.14024505928856476,-0.9004901185771296,-3.78
53.370847,-0.28639871382637666,-1.31,-3.58
53.390588,-0.32269494949495275,-1.29,-3.57
53.400825999999995,-0.35359466221850755,-1.2764053377814923,-3.566405337781492
53.410832,-0.37,-1.27,-3.5664354450681586
53.420977,-0.3884651162790862,-1.25,-3.564232558139543
53.430516,-0.4150197316495722,-1.237509865824786,-3.562490134175214
53.440618,-0.4182746051032898,-1.22,-3.56
53.450921,-0.45,-1.2,-3.56
53.460927999999996,-0.4682069510268387,-1.1817930489731612,-3.56
53.4708,-0.49,-1.1564488188976465,-3.56
53.480669999999996,-0.51,-1.1269013539651962,-3.56
53.490615999999996,-0.53,-1.0972161172161183,-3.57
53.501228999999995,-0.5452888160589765,-1.06,-3.5752888160589764
53.51123,-0.56,-1.0247281323877067,-3.5747281323877065
53.520875,-0.5817329093799986,-1.0,-3.58
53.530606999999996,-0.5872831423895281,-0.9672831423895281,-3.58
53.54072,-0.6,-0.946780072903992,-3.59
53.550804,-0.5964920180106279,-0.91,-3.6
53.560797,-0.5835287221570992,-0.8864712778429008,-3.6
53.571059999999996,-0.5854446601941696,-0.8554446601941696,-3.6045553398058305
53.580648,-0.5828812860675902,-0.83,-3.6
53.590547,-0.5874387796065742,-0.8048775592131485,-3.61
53.600794,-0.5734711729622457,-0.7865288270377543,-3.61
53.610859999999995,-0.5724784988272006,-0.7637607505863997,-3.61
53.620841999999996,-0.57,-0.7362167526796517,-3.62
53.630649999999996,-0.56,-0.7171347632537597,-3.61713476325376
53.640662,-0.5729382917858709,-0.7070617082141291,-3.617061708214129
53.650821,-0.58,-0.69,-3.6164285714285613
53.660826,-0.5910390625000124,-0.6763203124999959,-3.613679687500004
53.670815999999995,-0.6127523659306278,-0.6627523659306278,-3.62
53.680614999999996,-0.6127931596091251,-0.647206840390875,-3.62
53.690632,-0.6342938542938172,-0.61,-3.62
53.701144,-0.6397643362136777,-0.5902356637863223,-3.615117831893161
53.711220999999995,-0.66,-0.56,-3.62
53.720811,-0.68,-0.5236584425597448,-3.62
53.730556,-0.6825397472482829,-0.4849205055034342,-3.62
53.740677,-0.7030159378831197,-0.4569840621168803,-3.6230159378831197
53.750836,-0.7126596604688538,-0.4,-3.63
53.760822999999995,-0.723718612993215,-0.3662813870067849,-3.633718612993215
53.770786,-0.7229481598733467,-0.3229481598733467,-3.64
53.780629,-0.7288075560802744,-0.28412829594648376,-3.65
53.790627,-0.75,-0.23278542510122724,-3.66
53.800833999999995,-0.7536810789369169,-0.19895676318924924,-3.66
53.810905999999996,-0.7560467836257349,-0.16604678362573483,-3.67
53.821162,-0.7450940438871329,-0.13,-3.68
53.830583999999995,-0.7572463768115983,-0.09724637681159835,-3.69
53.841080999999996,-0.7392525252525188,-0.07537373737374056,-3.6946262626262594
53.850773999999994,-0.7565506452874614,-0.04655064528746141,-3.7
53.860915,-0.7540348101265899,-0.02,-3.7
53.870903,-0.75,-0.0,-3.7039634888438075
53.880654,-0.76,0.01302456705598734,-3.71
53.890677,-0.7539991945227511,0.04699959726137552,-3.716999597261376
53.900912,-0.7639689320388307,0.06,-3.7239689320388307
53.910909999999994,-0.76,0.08790569744595365,-3.7260471512770232
53.92084,-0.7636899918632996,0.10631000813670044,-3.73
53.930614,-0.77,0.14278938906753605,-3.74
53.940689,-0.7591730536507187,0.16611536910047917,-3.74
53.950813,-0.766302719747737,0.21369728025226295,-3.7436972802522632
53.961118,-0.7551385589865275,0.25486144101347247,-3.75
53.970769999999995,-0.7365630048465397,0.3034369951534603,-3.76
53.980723999999995,-0.7,0.3463450531479565,-3.77
53.990708999999995,-0.6668764940239219,0.3862470119521563,-3.77
54.001166,-0.6250019584802283,0.44,-3.78
54.010782,-0.5694475357710197,0.48055246422898024,-3.79
54.020737,-0.49,0.5332515337423246,-3.8
54.030629,-0.4156014580801711,0.5786391251518973,-3.8028797083839656
54.040704,-0.32,0.6231757289204061,-3.81
54.050943,-0.22746320681643853,0.67,-3.81
54.060772,-0.12648425196848917,0.7070314960630216,-3.816484251968489
54.07114,-0.03534741974805937,0.7548841934173135,-3.82
54.080732999999995,0.06301224489791955,0.7932530612244799,-3.82
54.09057,0.17265242718447438,0.8253048543689487,-3.8253048543689485
54.100808,0.27713555992144095,0.87,-3.83
54.110825,0.3883162217659326,0.9036632443531866,-3.8363367556468133
54.120871,0.5139280000000055,0.94,-3.84
54.130634,0.6141894650878059,0.9828378930175612,-3.84
54.140668999999995,0.7261213307240755,1.01,-3.84
54.150802999999996,0.8442834890965709,1.04,-3.85
54.160917,0.9503144140465675,1.068125765618627,-3.86
54.170925999999994,1.0721927710842787,1.1081285140561858,-3.87
54.180647,1.1888192771085049,1.1370602409638315,-3.87
54.19054,1.297850579304865,1.1626168597682882,-3.88
54.20077,1.4168674227610603,1.2,-3.88343371138053
54.210831,1.5217345703912635,1.223622428398544,-3.893622428398544
54.220819,1.6307374749498902,1.26,-3.91357915831663
54.230644,1.7216404675534434,1.282910116888361,-3.9229101168883607
54.240561,1.8126797124600782,1.3026797124600782,-3.937320287539922
54.251095,1.9,1.33,-3.935236000000001
54.261308,1.9756283258289122,1.35,-3.94
54.270782,2.0334513634513547,1.3569027269027094,-3.94
54.280663,2.088854838709674,1.3840967741935504,-3.95
54.290507,2.1248608388867,1.3848608388867,-3.95
54.300771,2.1565104371799855,1.4,-3.95
54.310753,2.1566625866992974,1.4,-3.96
54.321166,2.15,1.4049797570850138,-3.96
54.330622,2.1345271629778457,1.4072635814889227,-3.96
54.340602,2.1027904238618578,1.4027904238618576,-3.9572095761381423
54.350963,2.0715223408461645,1.4057611704230821,-3.954238829576918
54.360887,2.03,1.4,-3.96
54.370805,1.982916666666674,1.39,-3.963541666666663
54.380691999999996,1.92,1.39,-3.97
54.390640999999995,1.8541273584905908,1.3770636792452953,-3.97
54.400791999999996,1.779474313022697,1.3670171246515352,-3.98
54.410792,1.703138922640737,1.3731389226407371,-3.98
54.420806999999996,1.6128113590263613,1.36,-3.9835943204868194
54.430566,1.534678247137752,1.347339123568876,-3.99
54.440712,1.4437038507344044,1.33,-3.993148074632798
54.451170999999995,1.3502061855670533,1.33,-3.995103092783527
54.461213,1.254388118811864,1.3152039603960455,-3.9847960396039546
54.470918999999995,1.1580683204555224,1.3260227734851742,-3.98
54.480621,1.0612334630350024,1.3129221789883325,-3.9770778210116675
54.490502,0.9551457840819501,1.317572892040975,-3.97
54.500817999999995,0.8592588092345389,1.3335803969218205,-3.9635803969218206
54.510909999999996,0.7620048406615678,1.35,-3.96
54.520835,0.6628143712574714,1.37,-3.956407185628736
54.530623,0.557166469893739,1.3828335301062609,-3.947166469893739
54.540596,0.46166797797008496,1.41,-3.9427773406766384
54.550844999999995,0.3762530512611911,1.4437469487388088,-3.94
54.560857999999996,0.28885259289508314,1.46,-3.94
54.570825,0.20642800632910732,1.4935719936708927,-3.933571993670893
54.580591999999996,0.12865648256954992,1.5228358793576124,-3.94
54.590478999999995,0.04766167192430937,1.57,-3.94
54.600823999999996,-0.010988791032803374,1.6,-3.94
54.610837,-0.09113402061856396,1.637422680412376,-3.94
54.621274,-0.15532962668784744,1.6646703733121524,-3.94
54.630508999999996,-0.22,1.6924854368931923,-3.9424854368931923
54.640530999999996,-0.2625447316103311,1.73,-3.9425447316103313
54.650755,-0.32,1.7666693580944433,-3.9433346790472217
54.660793999999996,-0.3670479258960839,1.8,-3.946476037051958
54.670815,-0.4270766773162989,1.8335383386581496,-3.9364616613418506
54.680712,-0.48326449563145785,1.863264495631458,-3.93
54.690512999999996,-0.5275306203081854,1.9,-3.9275306203081857
54.701159,-0.57,1.9349129202106155,-3.91
54.711276999999995,-0.6165776499589163,1.9665776499589163,-3.915525883319639
54.720814999999995,-0.65,2.0,-3.91
54.730593999999996,-0.6955371248025181,2.032768562401259,-3.9
54.740637,-0.7256472491909434,2.0728236245954714,-3.9
54.750774,-0.7667980691874797,2.1067980691874797,-3.89
54.760797,-0.7965092816787785,2.1534907183212217,-3.8865092816787783
54.770810999999995,-0.8336597110754342,2.19,-3.88
54.780584999999995,-0.8428211098176059,2.2256422196352124,-3.88
54.790682999999994,-0.8730236348818065,2.25,-3.87
54.800948999999996,-0.89,2.28,-3.875835671342696
54.810866999999995,-0.9012438625204302,2.2974959083469533,-3.87
54.821256,-0.9145374449339073,2.32,-3.87
54.83058,-0.92,2.34,-3.86
54.840999,-0.9312920210611494,2.36,-3.86
54.850797,-0.9370707892595814,2.3735353946297906,-3.86
54.860917,-0.95,2.39,-3.846017017828181
54.870892,-0.9639776357827473,2.4020447284345057,-3.84
54.880586,-0.98,2.4055568767340905,-3.837221561632955
54.890699999999995,-0.99,2.416878824969396,-3.82
54.900845999999994,-1.0063128491620261,2.4263128491620263,-3.813687150837974
54.910771999999994,-1.0067413931144735,2.42,-3.8
54.920825,-1.03,2.4236997635933886,-3.79
54.930518,-1.04,2.4075,-3.7875
54.940616999999996,-1.0571995094031177,2.391598528209353,-3.7771995094031174
54.951159,-1.0450162999184882,2.35,-3.77
54.960834,-1.056379797979786,2.306379797979786,-3.75
54.970850999999996,-1.04621253405994,2.2686376021798194,-3.74621253405994
54.980684999999994,-1.04,2.2,-3.733132861635214
54.990581999999996,-1.032711864406782,2.1418644067796535,-3.73
55.00085,-1.0263807189542449,2.076380718954245,-3.71
55.011243,-1.0305863708399479,1.9894136291600522,-3.694706814580026
55.02083,-1.0263685220729442,1.92,-3.68
55.030513,-1.02,1.8426264210113417,-3.667542140337114
55.040606,-1.024453029686888,1.7689060593737758,-3.66
55.050815,-1.0171346938775676,1.6664326530612161,-3.63
55.060843,-1.02,1.5763028865164097,-3.62
55.071259,-1.0053740697218967,1.488503721112413,-3.6046259302781034
55.080607,-1.0172443181818007,1.4044886363636016,-3.597244318181801
55.090675999999995,-0.9828695652173851,1.3085217391304593,-3.5771304347826147
55.100953999999994,-0.9676118795769346,1.2076118795769346,-3.56
55.110794,-0.94,1.1094734774066966,-3.55
55.120812,-0.9063866199922006,1.0127732399844012,-3.5363866199922005
55.130553,-0.8774185765983095,0.9222557297949285,-3.52
55.140603999999996,-0.8444092911493762,0.8316139367240645,-3.507204645574688
55.15089,-0.8061345541401327,0.7322691082802651,-3.4961345541401325
55.160990999999996,-0.7611685214626259,0.6311685214626259,-3.48
55.170766,-0.7096286052943328,0.5361714737257772,-3.47
55.180622,-0.6644810543657254,0.44724052718286267,-3.46
55.190653999999995,-0.5970430544273074,0.3611291632819225,-3.45
55.20118,-0.5600360144057283,0.2750180072028641,-3.44
55.211039,-0.5008546671917773,0.19085466719177727,-3.4254273335958887
55.220776,-0.46,0.10644001563109487,-3.4
55.230574999999995,-0.41477419354839834,0.042161290322597564,-3.3873870967741992
55.24066,-0.384103294021942,-0.035896705978058,-3.36
55.250893999999995,-0.3423402555910813,-0.10765974440891869,-3.3561701277955405
55.260864999999995,-0.313844955200605,-0.17,-3.33
55.270762,-0.29646389324960803,-0.23060832025117592,-3.32
55.280617,-0.27,-0.29275778406795067,-3.3
55.290659,-0.24698159509202447,-0.35301840490797554,-3.28
55.300807,-0.2263182527300928,-0.40368174726990724,-3.27
55.310947,-0.2117122752149938,-0.4541438623925031,-3.2558561376074966
55.320778,-0.19691676436105818,-0.5069167643610581,-3.24
55.330594,-0.17716227018386072,-0.5428377298161393,-3.227162270183861
55.340756,-0.16,-0.6,-3.216580436540004
55.350775,-0.13312671635935752,-0.6434366418203212,-3.2
55.360901,-0.10604011010617309,-0.6739598898938269,-3.19
55.371088,-0.0651545564030459,-0.72,-3.175154556403046
55.380654,-0.02,-0.7529760000000123,-3.16
55.390617,-0.014362307067404602,-0.7828188464662977,-3.1543623070674047
55.400794,0.01287824351296941,-0.8171217564870306,-3.13
55.410762999999996,0.02693812375248971,-0.85,-3.113469061876245
55.420938,0.05,-0.8840706168831288,-3.1040706168831287
55.43073,0.06335734293717112,-0.9033573429371712,-3.09
55.440667,0.07304225352113732,-0.93,-3.076957746478863
55.45117,0.09,-0.9449028163427129,-3.06
55.461155,0.1,-0.9599216914643725,-3.0450391542678137
55.470827,0.11,-0.962732510288042,-3.03
55.480712999999994,0.12318569687117815,-0.9631856968711782,-3.0168143031288217
55.490595,0.13551914725625375,-0.9527595736281268,-3.007240426371873
55.500806999999995,0.16,-0.96,-3.0
55.510839,0.17753277711560866,-0.96,-2.99
55.521076,0.1993043827905533,-0.95,-2.9753478086047234
55.5306,0.21723387096773322,-0.9472338709677331,-2.97
55.540698,0.24,-0.94,-2.96
55.550819999999995,0.2610925349922279,-0.936302488335924,-2.96
55.560863,0.29383946223803403,-0.923839462238034,-2.95
55.571144,0.32,-0.9150993109039406,-2.94
55.580693,0.3268803593303508,-0.9168803593303508,-2.9368803593303507
55.590643,0.3328600160901178,-0.9028600160901178,-2.917139983909882
55.600815,0.34,-0.8963137407551628,-2.91
55.610909,0.34,-0.89,-2.9
55.62085,0.3474673202614479,-0.8874673202614479,-2.89
55.630601,0.33715319662242693,-0.8843063932448538,-2.88
55.640673,0.3469758224336098,-0.86,-2.87
55.650884,0.33,-0.8360986367281379,-2.86
55.660900999999996,0.33,-0.8060787401574829,-2.85
55.670756,0.3166059133252329,-0.776605913325233,-2.85
55.680675,0.3231100478469065,-0.7368899521530935,-2.8431100478469062
55.690568,0.32,-0.7046345318056204,-2.84
55.700953,0.324118570867695,-0.6558814291323051,-2.84
55.710823999999995,0.32366883116881995,-0.6226623376623601,-2.83633116883118
55.720791999999996,0.33,-0.59,-2.83
55.730709,0.3368318440292507,-0.5536636880585014,-2.84
55.740567,0.34736575875485015,-0.5173657587548501,-2.83736575875485
55.751092,0.3447465618860633,-0.4752534381139367,-2.84
55.761101999999994,0.36460859092730075,-0.43513046969089975,-2.83
55.77079,0.3630697862041304,-0.4130697862041304,-2.84
55.780684,0.3769791666666652,-0.3830208333333348,-2.83
55.790682,0.38,-0.36686625194402417,-2.83
55.800787,0.37,-0.34,-2.83
55.810801,0.3735157207023313,-0.31296855859533734,-2.83
55.821211999999996,0.3652106969205841,-0.2847893030794159,-2.83
55.830624,0.367188626351604,-0.25,-2.83
55.840744,0.35,-0.23663385826770608,-2.83
55.850758,0.3430421216848636,-0.21,-2.82
55.860994,0.33,-0.19,-2.81
55.870855,0.31,-0.1762067545304771,-2.81
55.88075,0.31,-0.14,-2.81
55.890574,0.2974028056112045,-0.11740280561120453,-2.8
55.900864,0.28,-0.07615175097275519,-2.796151750972755
55.910833,0.26625099920064765,-0.04625099920064762,-2.7862509992006474
55.920803,0.25,-0.0,-2.7864150943396067
55.930701,0.25,0.03,-2.78
55.940785999999996,0.243525264394827,0.07,-2.78
55.950784999999996,0.23654704944178637,0.10690590111642725,-2.78
55.96116,0.24,0.15496130346233264,-2.78
55.970911,0.2359629629629453,0.1940370370370547,-2.775962962962945
55.980709,0.23,0.2331953840031736,-2.78
55.990626,0.23712509712509067,0.27287490287490934,-2.782874902874909
56.001158,0.23976559396106417,0.30488279698053206,-2.79
56.010776,0.24651423987163598,0.34,-2.78
56.020796,0.2534906427990212,0.3634906427990212,-2.79
56.030584999999995,0.26727632620745145,0.38272367379254857,-2.79
56.040513999999995,0.28,0.4174813652412763,-2.79
56.050914,0.2760506950122706,0.43394930498772943,-2.79
56.060959,0.2857850241545946,0.45421497584540543,-2.79
56.07085,0.29,0.476293311845284,-2.79
56.080715,0.28318360914105145,0.49,-2.79
56.090568999999995,0.2947476340694353,0.51,-2.7852523659305644
56.100820999999996,0.28720359771054804,0.523601798855274,-2.783601798855274
56.110848999999995,0.27629901960784276,0.5325980392156855,-2.7862990196078425
56.121196,0.26,0.55,-2.78506024096386
56.130604999999996,0.24716884143931075,0.55,-2.78
56.140505999999995,0.23243883188633183,0.57,-2.78
56.15108,0.22,0.58,-2.774662300450275
56.160861,0.1962389023405966,0.5975221953188068,-2.78
56.170884,0.18224949698184473,0.61,-2.7761247484909224
56.18062,0.15,0.6228812230497833,-2.78
56.190531,0.13496794871790155,0.6425160256410493,-2.79
56.20117,0.11997210043843552,0.66,-2.7849860502192176
56.211147999999994,0.10492946392582818,0.68,-2.79
56.22085,0.10637440758293673,0.6936255924170632,-2.7936255924170634
56.230612,0.09718238503506532,0.71,-2.8028176149649346
56.240570999999996,0.09,0.7326889763779375,-2.81
56.25087,0.10626682986536569,0.76,-2.8137331701346344
56.260815,0.11,0.7735859820700984,-2.83
56.270827999999995,0.1335599356395719,0.79,-2.83
56.280663,0.14304433111024442,0.7930443311102444,-2.8330443311102442
56.290551,0.17259012539185886,0.8125901253918588,-2.84
56.300779,0.1934086325131113,0.8134086325131114,-2.8434086325131114
56.310779999999994,0.22,0.8265349794238793,-2.85
56.321121,0.24,0.8399880715705783,-2.85
56.330687,0.25,0.84,-2.85
56.340588999999994,0.26569377990426896,0.8428468899521344,-2.8571531100478653
56.350825,0.29,0.84,-2.8536623690572114
56.361252,0.3053503442689417,0.84,-2.86
56.370492,0.312396461600326,0.85,-2.867603538399674
56.381139999999995,0.3302636757182545,0.85,-2.87
56.390619,0.3444453507340891,0.86,-2.87
56.400898999999995,0.34,0.8438857602574384,-2.87
56.410826,0.3435671100362866,0.85,-2.88
56.42071,0.35659574468088084,0.86,-2.89
56.430786,0.37,0.8535415019762739,-2.893541501976274
56.440568,0.37744091279544045,0.86,-2.9
56.450826,0.38361213612136674,0.87,-2.906387863878633
56.460837,0.39,0.8663798572561562,-2.91
56.470496,0.4048606811145453,0.87,-2.92
56.480843,0.4224537219377337,0.87,-2.923773139031133
56.490569,0.4326230174868049,0.88,-2.93524603497361
56.501162,0.449991856677545,0.8750040716612275,-2.94
56.511226,0.47483346550356637,0.8751665344964337,-2.96
56.520630999999995,0.5,0.874172549019607,-2.96
56.530791,0.5135595895817069,0.86,-2.97
56.540614999999995,0.54,0.86,-2.972762251923849
56.550841999999996,0.5636775510203991,0.843677551020399,-2.98
56.560852999999994,0.5912976190475833,0.84,-2.99
56.570660999999994,0.6230456852791835,0.83,-3.0
56.580861999999996,0.66,0.82,-3.0038121330724032
56.590613999999995,0.687228282828301,0.792771717171699,-3.0
56.600880999999994,0.7138888888888697,0.7922222222222607,-3.0061111111111303
56.610845,0.72,0.7637639553428923,-3.0
56.620565,0.7473275178429664,0.75,-3.0073275178429664
56.631063999999995,0.754661084529497,0.7206778309410059,-3.0
56.640645,0.7456825657895036,0.7071587171052481,-2.9971587171052483
56.650808,0.75,0.6764803564195937,-2.9864803564195936
56.660902,0.74,0.655951433121006,-2.975951433121006
56.67051,0.7325443786982179,0.6275147928994059,-2.967514792899406
56.680833,0.6963089430894193,0.6063089430894193,-2.96
56.690683,0.68,0.5768682849184146,-2.94
56.701107,0.6452490118576827,0.5447509881423174,-2.93
56.711064,0.62,0.5208317063646546,-2.9154158531823273
56.720589999999994,0.58,0.49,-2.8927425009738963
56.730819,0.542811735941344,0.456405867970672,-2.89
56.740697999999995,0.503894564773208,0.436947282386604,-2.87
56.750834999999995,0.46640850722311983,0.41640850722311984,-2.85640850722312
56.760842,0.4262465645857784,0.39,-2.83
56.770526,0.39,0.3675188267935086,-2.8175188267935085
56.781054999999995,0.35,0.34,-2.8
56.79072,0.33,0.32676458588330726,-2.7867645858833074
56.80083,0.30640494220804193,0.32,-2.77
56.810866,0.28629792332268694,0.31,-2.7525958466453737
56.82055,0.2549922118380259,0.3,-2.74
56.830754,0.23,0.30331717171717426,-2.72
56.840771,0.23,0.28,-2.696624848239589
56.850828,0.22360623003195018,0.27278753993609967,-2.68
56.86116,0.22513394642141984,0.25486605357858017,-2.65513394642142
56.870585,0.21,0.25,-2.6372619984264425
56.881204999999994,0.20491320145338932,0.24491320145338932,-2.614913201453389
56.890615999999994,0.2,0.24,-2.5872137874435865
56.900883,0.17610785463070946,0.24,-2.5638921453692904
56.910895999999994,0.1739291277258474,0.23,-2.5360708722741525
56.920544,0.1675047911076852,0.23,-2.52
56.930780999999996,0.1568196721311107,0.22659016393444467,-2.5
56.940635,0.15712907117007843,0.22287092882992157,-2.4771290711700784
56.951113,0.13,0.22491712707183606,-2.445082872928164
56.961138999999996,0.13,0.22507898894154513,-2.42
56.970552999999995,0.11260224538891751,0.23520449077783503,-2.4073977546110825
56.980902,0.1122405271828561,0.24612026359142805,-2.376120263591428
56.990700999999994,0.11,0.26308651911467273,-2.356913480885327
57.000851999999995,0.11,0.27,-2.34
57.010768999999996,0.11,0.3,-2.32
57.020565999999995,0.11744016227181224,0.31255983772818774,-2.3
57.030806,0.12363600159299948,0.33,-2.28
57.040687,0.1429742765273333,0.3470257234726667,-2.26
57.050864,0.15772621809744672,0.3577262180974467,-2.2461368909512767
57.060781,0.19349374021908589,0.37,-2.23
57.070577,0.2053105968331685,0.39265529841658425,-2.22
57.080904999999994,0.24,0.40390644234713946,-2.21
57.090627999999995,0.27716739912105764,0.42,-2.1928326008789423
57.100809999999996,0.287185391028155,0.4364073044859225,-2.18
57.110757,0.3133998435054855,0.4333998435054855,-2.16
57.120588999999995,0.3426691116544201,0.43733088834557987,-2.15
57.131130999999996,0.3698593812776057,0.43,-2.1350703093611973
57.140744,0.383281746031754,0.43,-2.12
57.150813,0.39280031508466257,0.41359984245766873,-2.11
57.160899,0.3939866457187804,0.40601335428121965,-2.0960133542812196
57.170899,0.39,0.4,-2.0860686868686855
57.180851,0.40626168224299364,0.3862616822429936,-2.076261682242994
57.190577,0.41,0.36735468564649537,-2.06
57.200987,0.41288871655680787,0.3557037611477307,-2.0557037611477305
57.210792,0.41291764705881406,0.34,-2.04
57.220580999999996,0.4172803850782178,0.34,-2.0372803850782177
57.230878,0.41,0.31,-2.026146380913862
57.240646,0.4070609037328009,0.3141218074656018,-2.02
57.251239999999996,0.4147422274695072,0.2952577725304928,-2.0152577725304925
57.261112,0.4147879508521601,0.2752120491478399,-2.01
57.270632,0.42,0.26711128967455816,-2.02
57.280825,0.4336154776300015,0.24361547763000155,-2.0136154776300015
57.290667,0.4469661150512118,0.21303388494878817,-2.01
57.300844,0.46,0.19625098039214742,-2.01
57.310801,0.47,0.1629006085192671,-2.01
57.320625,0.482896524171009,0.13,-2.02
57.330816999999996,0.5064271376957102,0.0964271376957102,-2.02
57.340576,0.525304347826119,0.07469565217388105,-2.03
57.350842,0.5663368669022243,0.02,-2.04
57.361141999999994,0.5948829701371873,-0.024882970137187314,-2.04
57.370675999999996,0.63,-0.07897299509002355,-2.05
57.380877999999996,0.6537796542018461,-0.15377965420184614,-2.0462203457981536
57.390572999999996,0.6972766627312058,-0.23272333726879413,-2.05
57.400842999999995,0.7150493485984313,-0.30752467429921565,-2.05
57.410995,0.75,-0.3830360065466789,-2.05
57.420700999999994,0.7530668841761702,-0.4661337683523404,-2.05
57.431225999999995,0.77,-0.5502608695652047,-2.04
57.440534,0.77,-0.6349431149470424,-2.03
57.45113,0.7701898488957656,-0.7298101511042344,-2.02
57.461146,0.74,-0.8098661257606412,-2.01
57.470620999999994,0.73,-0.8884132841328287,-2.0
57.480858999999995,0.7,-0.9736871508379844,-1.99
57.490516,0.6750802976889995,-1.047379553466501,-1.98
57.500831999999996,0.6262340255591103,-1.1262340255591103,-1.97
57.510763999999995,0.5766057653268468,-1.1901827040194595,-1.9466057653268467
57.520652999999996,0.5280246406570803,-1.2559876796714597,-1.9340123203285402
57.530809,0.47,-1.3136533957845482,-1.9263466042154518
57.540594,0.4173058637083899,-1.3753882725832203,-1.9073058637083897
57.550807,0.36,-1.4208591885441864,-1.896380270485271
57.560793999999994,0.32936212361331835,-1.4664540412044393,-1.8764540412044395
57.570623,0.27,-1.51,-1.86
57.580833999999996,0.2324588848776615,-1.5413116726835077,-1.8462294424388308
57.590636999999994,0.1870758839888874,-1.58,-1.83
57.600907,0.15211372064276293,-1.62,-1.82
57.610766,0.11692307692306826,-1.636923076923068,-1.8034615384615342
57.62074,0.1,-1.6665806451612972,-1.7967096774193514
57.631136999999995,0.08,-1.6903565768621522,-1.78
57.640477999999995,0.06768235294117589,-1.7069529411764723,-1.77
57.650841,0.043669123669138804,-1.7136691236691388,-1.76
57.660793999999996,0.04646351242984108,-1.7335364875701589,-1.746463512429841
57.670663999999995,0.04,-1.74,-1.7329191557148436
57.680909,0.034108405341717773,-1.7541084053417177,-1.72
57.690511,0.03484244116475399,-1.747578779417623,-1.7
57.701139999999995,0.03007726718181724,-1.76,-1.6850386335909087
57.711150999999994,0.03504866180050786,-1.75,-1.6650486618005078
57.720672,0.02,-1.74,-1.64
57.730807999999996,0.01,-1.7327479419835292,-1.6163739709917646
57.740534,0.0,-1.715117203019468,-1.5874413984902662
57.750746,-0.03670404485381551,-1.71,-1.5567040448538156
57.760824,-0.04365213882163742,-1.7,-1.5163478611783625
57.770714,-0.086269492203137,-1.6968652538984315,-1.48
57.780885,-0.11388888888888579,-1.6738888888888857,-1.4461111111111142
57.790532,-0.16,-1.6674861660079048,-1.4074861660079048
57.800757999999995,-0.19666666666664745,-1.6533333333333236,-1.3666666666666765
57.81082,-0.23,-1.636468172484585,-1.3264681724845853
57.820598,-0.27282824276079765,-1.6271717572392024,-1.28
57.8309,-0.30394994133751446,-1.6060500586624855,-1.2360500586624854
57.840596,-0.3426799204771489,-1.592679920477149,-1.184640159045702
57.85078,-0.3834527687296583,-1.5865472312703417,-1.1430944625406834
57.861197999999995,-0.41,-1.59,-1.0848559837728373
57.870683,-0.42690750297736574,-1.5730924970226343,-1.03
57.88126,-0.44,-1.56,-0.9745994420087738
57.89056,-0.45255908720458854,-1.544881825590823,-0.914881825590823
57.900911,-0.47,-1.5139591836734854,-0.8520816326530293
57.91083,-0.487256493506503,-1.48,-0.792743506493497
57.920612,-0.5028280454367549,-1.4586878182529803,-0.72
57.930764999999994,-0.5330732860520316,-1.413463356973984,-0.6565366430260158
57.940616,-0.56,-1.39,-0.5771919191919143
57.950896,-0.5878664495114371,-1.3582003257328445,-0.5121335504885629
57.960812,-0.6270630486831431,-1.3264684756584286,-0.4294054269752854
57.970634,-0.6729281989570673,-1.28,-0.34707180104293267
57.9809,-0.7121103117506107,-1.2478896882493893,-0.2759632294164631
57.990570999999996,-0.76,-1.21,-0.1973771152296632
58.001217,-0.8152301425661894,-1.1647698574338106,-0.10953971486762107
58.0111,-0.8493370385073536,-1.1106629614926464,-0.03132592298529273
58.02057,-0.8880181602842863,-1.057327279905238,0.05267272009477102
58.030823999999996,-0.94,-0.9963133097762253,0.13737338044753813
58.040704999999996,-0.983146341463415,-0.9474146341463403,0.21943902439023358
58.050815,-1.017221095334727,-0.8727789046652731,0.3072210953347317
58.060874999999996,-1.0462037037037097,-0.7986111111111295,0.39759259259258145
58.070502999999995,-1.08,-0.7123995271867489,0.4771985815602677
58.080793,-1.1071036106750707,-0.6393445839873941,0.5635518053375344
58.090557,-1.1474776966747755,-0.5549553933495514,0.6475669099756669
58.100854999999996,-1.2,-0.45257049448305114,0.7374295055169603
58.110817,-1.2008023715415264,-0.3655968379446316,0.8272015810276708
58.120580999999994,-1.2473203883495196,-0.26732038834951966,0.9226796116504938
58.131164999999996,-1.2950117187499703,-0.17999218750001975,1.0100078124999712
58.140632,-1.312805521721464,-0.11158343483560819,1.0984165651643751
58.150828,-1.35,-0.02,1.1909708737863975
58.160874,-1.38,0.05184975767370226,1.287899838449123
58.170880999999994,-1.4016159620702875,0.11161596207028761,1.3877439747135134
58.180876999999995,-1.4538424242424204,0.2061575757575796,1.4715272727272521
58.190641,-1.4829681274900468,0.28187250996018687,1.5689043824701343
58.201181999999996,-1.509983633387901,0.3750081833060495,1.6700327332241856
58.211138999999996,-1.5350060168471569,0.47501805054147067,1.765018050541457
58.220735,-1.5532446183953141,0.5764892367906282,1.8564892367906451
58.230802,-1.59,0.6943573160872504,1.9507679870654462
58.240668,-1.59305755395684,0.802230215827359,2.0491726618705313
58.250975999999994,-1.6058121725110948,0.9425634824667158,2.148375654977813
58.260794999999995,-1.61,1.0638749999999273,2.240406249999954
58.270590999999996,-1.62,1.1955294117646789,2.3355294117646737
58.280859,-1.6176765188834508,1.339191297208627,2.4376765188834506
58.290651,-1.6242154854567827,1.4857845145432171,2.528676771814816
58.300844,-1.6072741742936847,1.6145483485873693,2.6272741742936825
58.310871999999996,-1.6082958074534144,1.7617041925465857,2.7317041925466023
58.320491,-1.6047528667457267,1.8995057334914531,2.83475286674572
58.330842,-1.583649366571308,2.0445974662852318,2.93094809971393
58.340686,-1.5939193548387014,2.196080645161299,3.0260806451612923
58.350747,-1.580305964368705,2.3371766072811746,3.1168706429124775
58.361093999999994,-1.5858631415241642,2.484136858475836,3.2141368584758387
58.370503,-1.5774737660318943,2.6174737660318943,3.314982510687927
58.381178,-1.579797406807096,2.7504051863858083,3.4153038897893486
58.390674999999995,-1.583032886723497,2.872131546893988,3.509098660170483
58.400906,-1.56771929824562,2.98157894736843,3.6015789473684166
58.410804999999996,-1.592678362573092,3.0936608187134538,3.7073216374269107
58.420635999999995,-1.5956842955187664,3.1885264432781497,3.805684295518773
58.430772,-1.62314516129032,3.26685483870968,3.8968548387096797
58.440614,-1.6354890631448438,3.338233594717266,3.995489063144848
58.451136,-1.6548573724387339,3.394857372438734,4.099714744877462
58.461290999999996,-1.6910567823343787,3.4555283911671895,4.19658517350156
58.470501999999996,-1.7023993685872088,3.494798737174418,4.294798737174434
58.480892999999995,-1.7261563517915468,3.546156351791547,4.381530944625354
58.490669999999994,-1.7288508946321677,3.5688508946321678,4.475900596421467
58.500854999999994,-1.746212061489957,3.602424122979914,4.567575877020081
58.510833999999996,-1.7572705974228922,3.6345411948457844,4.6672705974229105
58.520559,-1.7673881789137225,3.6773881789137226,4.755223642172551
58.530801999999994,-1.78,3.7236166800320647,4.847233360064118
58.540634999999995,-1.7770701402805777,3.7458597194388443,4.938789579158265
58.550799,-1.7736096049573973,3.7763903950426023,5.037219209914781
58.560843999999996,-1.772513790386145,3.7874862096138546,5.117486209613862
58.570583,-1.7646888979259763,3.807344448962988,5.207966653111032
58.580971999999996,-1.74,3.8084562676339897,5.3026844014509935
58.590629,-1.7272186495176811,3.8244372990353623,5.375562700964637
58.600784999999995,-1.6970778964017312,3.807077896401731,5.467077896401724
58.61076,-1.669745197961558,3.8065817326538527,5.543418267346165
58.620624,-1.6171616618675428,3.8,5.615676676264923
58.631228,-1.5547959183673399,3.7743877551020195,5.690408163265317
58.640696,-1.4937867939538432,3.76,5.759319809069226
58.650802999999996,-1.4064685449633414,3.74,5.843531455036651
58.660846,-1.3225165821303089,3.722516582130309,5.903741708934841
58.670634,-1.2385276321096848,3.7,5.972868091972604
58.680854999999994,-1.1524491456469017,3.6824491456469017,6.037550854353086
58.690566999999994,-1.074931506849345,3.65,6.09506849315064
58.701209,-0.9694182389937271,3.6197091194968634,6.165145440251589
58.711099999999995,-0.89,3.5847682639434257,6.234768263943439
58.72062,-0.8243639291465282,3.5571819645732643,6.285636070853456
58.730799,-0.7334813925570186,3.53,6.353481392557038
58.740674999999996,-0.6581162883313428,3.5070290720828354,6.412970927917186
58.750861,-0.562414065586689,3.4862070327933448,6.47379296720668
58.76094,-0.47,3.46,6.534046493301805
58.77061,-0.38730341704404275,3.4446068340880855,6.582696582955939
58.780879,-0.2846631278072192,3.42,6.643834218048178
58.790703,-0.1871677215189205,3.39679193037973,6.6932080696202645
58.800853999999994,-0.07257975580941031,3.36,6.7437101220953
58.810877999999995,0.011546938775488791,3.332302040816341,6.791546938775473
58.820637,0.11588709677417483,3.3029435483870873,6.842943548387076
58.830788,0.22378013894568047,3.2565549652635797,6.893445034736403
58.840638,0.32293043140303584,3.217069568596964,6.939999999999998
58.850905,0.4120799059929315,3.175973364669023,6.984026635330991
58.86111,0.4948640973630804,3.1351359026369194,7.029728194726162
58.870615,0.5585543608124806,3.09,7.055702907208326
58.881049,0.6445597738287486,3.046320678513754,7.104559773828767
58.890542999999994,0.7078411811651506,2.98738627294495,7.132613727055043
58.900848999999994,0.7838232963549762,2.926176703645024,7.173823296354988
58.910847999999994,0.8536258012820339,2.866374198717966,7.203625801282019
58.920694999999995,0.916174551386611,2.7938254486133887,7.230000000000018
58.931203,0.9803200316080665,2.7196799683919335,7.259999999999991
58.940636999999995,1.03,2.6441963578780845,7.282901821060944
58.951060999999996,1.08,2.5653815580286135,7.304618441971393
58.960837999999995,1.133664495114009,2.4790065146579727,7.3336644951139895
58.970703,1.1832032193158997,2.4003903420523005,7.34320321931589
58.980892999999995,1.2415559092717883,2.306148030242737,7.363851969757273
58.990524,1.2875068600548771,2.2150137201097544,7.387506860054866
59.000774,1.32,2.1128739232576086,7.40356303837119
59.011132999999994,1.3497960848286754,2.035305872756987,7.420000000000016
59.020606,1.3728109656301357,1.9471890343698643,7.43281096563014
59.030884,1.396155378486054,1.8623107569721082,7.447689243027883
59.040606,1.41,1.7772206977655844,7.47277930223444
59.050759,1.4034107916502656,1.6931784166994686,7.480000000000018
59.060779,1.417039682539681,1.602960317460319,7.490000000000009
59.070623,1.42,1.5143870967742077,7.490000000000009
59.080863,1.4162723577235712,1.428817073170714,7.496272357723575
59.090689999999995,1.4,1.3337786561265188,7.496889328063262
59.100781999999995,1.38,1.236508806262231,7.490000000000009
59.110799,1.349546742209626,1.1595467422096257,7.490000000000009
59.120698,1.29,1.0702803364037168,7.480000000000018
59.131108999999995,1.23029552715657,0.9802955271565702,7.470000000000027
59.140574,1.167317749603792,0.8919532488113765,7.457317749603774
59.150808,1.0890417690417742,0.7926945126945161,7.4263472563472686
59.160796,1.0058522954091573,0.6958522954091574,7.406463073852297
59.170770999999995,0.9066476810415162,0.6099430431245485,7.3799999999999955
59.180854,0.8162128325508572,0.5162128325508573,7.356212832550875
59.190498999999996,0.7252246971473252,0.42522469714732525,7.327612348573649
59.201176999999994,0.6249516129032622,0.3299677419355081,7.284983870967751
59.211261,0.5384815265935524,0.2492407632967762,7.244620381648393
59.22063,0.4471888844140136,0.1715666532420408,7.207188884413996
59.230813,0.36266878474980546,0.09,7.1563343923749105
59.240584999999996,0.28442635966655805,0.024426359666558057,7.1172131798332865
59.250814999999996,0.205257234726667,-0.02737138263666651,7.062628617363333
59.260835,0.12636665284112641,-0.11090004147662075,7.0163666528411115
59.270666,0.06115415019763526,-0.17589723320157652,6.964102766798439
59.280837999999996,0.0,-0.2437700430191542,6.9062299569808525
59.290515,-0.05740072202169759,-0.30246690734056586,6.855066185318872
59.301083999999996,-0.12,-0.3692562651576502,6.79537186742119
59.310790999999995,-0.19360276198212137,-0.4208082859463641,6.732794476035773
59.320572,-0.23025681548797433,-0.4974357961280064,6.687435796128007
59.33088,-0.2977873338545775,-0.5555746677091551,6.616106333072719
59.340529999999994,-0.3450655021833677,-0.6174672489083162,6.557467248908321
59.350759999999994,-0.39661211129297425,-0.6701636661210774,6.493224222585955
59.361177999999995,-0.4399999999999711,-0.7249999999999855,6.430000000000036
59.370568999999996,-0.47257673667205874,-0.7825767366720588,6.377423263327939
59.381207999999994,-0.5102570185843904,-0.8302570185843904,6.309742981415612
59.390758,-0.5167057396927927,-0.88,6.246822958771173
59.400786999999994,-0.526485623003217,-0.9235143769967831,6.179456869009658
59.410804,-0.51,-0.9635650406504185,6.102869918699163
59.420669999999994,-0.47691979852771493,-1.01,6.033839597055438
59.430817,-0.4227343750000123,-1.0572656249999877,5.962734375000026
59.440526999999996,-0.35747389558233805,-1.092526104417662,5.8849477911646675
59.450945,-0.2616299559471486,-1.1441850220264256,5.81162995594715
59.460854999999995,-0.16890327802515695,-1.1773978146498953,5.73260218535012
59.470572999999995,-0.044527922860594545,-1.2272639614302971,5.654527922860609
59.480912999999994,0.07232037691396086,-1.2523203769139608,5.571786415390684
59.490570999999996,0.20052375152250962,-1.28,5.482107186358119
59.501152999999995,0.3499190938511069,-1.32,5.400040453074452
59.511272999999996,0.4954773269689702,-1.34,5.309045346062063
59.520609,0.6313168395850187,-1.362829209896255,5.224341580207498
59.530918,0.7759525691700129,-1.39,5.128035573122488
59.540586999999995,0.9205349122090494,-1.41,5.024732543895452
59.550826,1.0707264610390292,-1.42,4.919273538960967
59.560832999999995,1.2107441305213047,-1.4235813768404348,4.8228372463191205
59.570605,1.3544623233909272,-1.44,4.724215070643636
59.580788,1.5107870555333893,-1.45,4.6228086296444095
59.590581,1.6377975708502706,-1.46,4.519603238866288
59.600843999999995,1.7749270664505354,-1.47,4.408804700162103
59.610794999999996,1.9004670658682188,-1.47,4.309532934131783
59.620596,2.018419618528614,-1.46,4.2015803814713735
59.631111999999995,2.154377934272286,-1.4547926447574286,4.090414710485147
59.640555,2.2550528885272834,-1.45,3.992420667209082
59.650842999999995,2.3573572593800742,-1.4426427406199258,3.878964110929885
59.660913,2.4540389863547936,-1.4340389863547935,3.7719220272903926
59.670531999999994,2.545046874999965,-1.42,3.6624296875000613
59.680848,2.6214042721518678,-1.41,3.5523971518987643
59.690613,2.688311793214879,-1.3972294022617069,3.4516882067851085
59.701175,2.77,-1.3751102040816445,3.3346693877550737
59.711099,2.8292198581560384,-1.35,3.220780141843962
59.720707999999995,2.8763414634146303,-1.326829268292685,3.120487804878059
59.730914,2.933977900552486,-1.3020441988950282,3.008066298342535
59.740615999999996,2.982790983606558,-1.27,2.8916270491803107
59.751093,3.03,-1.2353171717171743,2.7659515151515084
59.76087,3.063850058570861,-1.2022998828582783,2.658449824287422
59.770551,3.1,-1.1725965327029098,2.5448069345941815
59.780952,3.1341207243460802,-1.14,2.4293963782695815
59.790690999999995,3.1461061224489844,-1.116946938775508,2.3108408163265253
59.800808999999994,3.17,-1.0864228617106317,2.1828457234212677
59.810798,3.176477495107628,-1.06,2.062954990215255
59.820578,3.1726915597043948,-1.04,1.9519253208868022
59.830715999999995,3.163211233211223,-1.0267887667887767,1.8303663003663138
59.840726,3.156794297352338,-1.013205702647662,1.7103828920570319
59.850815,3.13,-1.013527766679985,1.5894166999600579
59.860960999999996,3.0757540603248317,-1.0157540603248316,1.4672621809745003
59.870484999999995,3.0128799361787393,-1.017626645392913,1.3552532907858306
59.881156,2.925121555915774,-1.014975688816845,1.2350729335494781
59.890677,2.844034945144249,-1.0270174725721244,1.1310524177163674
59.900831999999994,2.732763738467742,-1.0436181307661292,1.0191456077015955
59.910807999999996,2.6190930323082857,-1.066364344102762,0.889093032308273
59.920527,2.5125905726528397,-1.0849396182314404,0.7850603817685707
59.931064,2.366266556291371,-1.12,0.6662665562913643
59.940602999999996,2.246526825332852,-1.1626946349334295,0.561916095199712
59.951229999999995,2.0996367265469154,-1.2051816367265422,0.45445508982038535
59.961149999999996,1.9601605953779988,-1.2549197023110006,0.33524089306700633
59.970577,1.8318503937007902,-1.3,0.22456692913386772
59.980982,1.698816326530615,-1.352710204081631,0.10728979591836107
59.990658999999994,1.5640197693575397,-1.39299011532123,0.0010296540363031112
60.000842,1.4389371196754595,-1.4573752535496936,-0.1110628803245405
60.010796,1.322912698412671,-1.5070873015873292,-0.21708730158732917
60.020564,1.2047334924422897,-1.5752665075577104,-0.3178997613365653
60.030764999999995,1.089829476248533,-1.6333901745838222,-0.43017052375146714
60.040682,0.9847711624139491,-1.6891373025516305,-0.5321830700688407
60.050875999999995,0.856010445962236,-1.743989554037764,-0.637979108075528
60.060931999999994,0.7418302180685659,-1.7981697819314342,-0.7422546728971513
60.070536999999995,0.6349414141414328,-1.8450585858585673,-0.8350585858585672
60.080903,0.5240905416329382,-1.9039773645917653,-0.9279547291835308
60.090627999999995,0.4072145187602136,-1.9427854812397864,-1.0183564437193593
60.100787,0.3119959677419686,-1.9972016129032124,-1.1072016129032127
60.110898999999996,0.19800236406617108,-2.03,-1.1879984239558858
60.120529,0.10281527188583095,-2.0647898187427796,-1.2647898187427793
60.131128,-0.009716792979663587,-2.094858396489832,-1.3497167929796636
60.140685,-0.09941763063424937,-2.1331392102114166,-1.4231392102114164
60.150808999999995,-0.20357729941290303,-2.16,-1.4971545988258061
60.160832,-0.3013564668769655,-2.1837854889589887,-1.5675709779179772
60.170593999999994,-0.39546125461251863,-2.19,-1.6354612546125185
60.180839,-0.48123033481244176,-2.203743444937481,-1.697486889874961
60.190655,-0.5657923930269533,-2.21,-1.7657923930269532
60.200920999999994,-0.65,-2.2140657165478825,-1.8281314330957645
60.210843999999994,-0.7237647521636413,-2.21,-1.8837647521636411
60.2206,-0.7881173594132078,-2.2127057864710693,-1.9427057864710693
60.230816999999995,-0.8535731511253956,-2.2064268488746044,-1.9935731511253956
60.240683999999995,-0.91,-2.1930092036814663,-2.0430092036814664
60.251171,-0.95,-2.1850077279752647,-2.0849922720247354
60.261146999999994,-0.9948108747044654,-2.175063041765178,-2.1249369582348216
60.270599,-1.035362082994301,-2.1626810414971507,-2.155362082994301
60.28086,-1.0674569319114096,-2.163728465955705,-2.193728465955705
