time,Vicon_Rx [deg],Vicon_Ry [deg],Vicon_Rz [deg]
63.189572,0.5546617745012276,0.8516907158356288,-3.9821292584526975
63.199794,0.5551329864510551,0.8037436824009183,-3.9781440619678308
63.209728999999996,0.5486671863808912,0.7422386397980083,-3.96864329872728
63.219592999999996,0.5694210297939,0.69846030977077,-3.9574229287153595
63.230112999999996,0.5626412202040992,0.6657217076218263,-3.973069432072142
63.23959,0.5520366766895369,0.61568962920437,-3.9590495329774202
63.249804999999995,0.5335548229286251,0.5537120740374136,-3.9740970719847595
63.259885,0.5174381675938984,0.5174904786405768,-3.9796421919035
63.269492,0.5411280873914616,0.514433800369784,-3.961333629227694
63.279731,0.5131082281332607,0.4770605598047095,-3.993791568000771
63.289564,0.49412825632442414,0.41663260910168964,-3.976042303806246
63.299771,0.4970605110804779,0.41028390441617474,-3.9990029056263894
63.309813999999996,0.4869637972484713,0.40606894039629593,-4.0046599070137585
63.319596,0.49598062887610633,0.3790439535944452,-4.0116639837437145
63.32975,0.47594733145666984,0.35425302090907257,-4.050581420051184
63.339487,0.4689903002912905,0.35273891118052486,-4.03437400247209
63.349799,0.4389508736672785,0.3256738975471076,-4.045302799991662
63.360034,0.4090225836667931,0.29844315014187867,-4.0518848531984535
63.369532,0.4603854654254446,0.28809106329103323,-4.072871128400198
63.379932,0.4614409682756033,0.2948303876830211,-4.062431986341926
63.389669999999995,0.45805188853993645,0.27352904298972497,-4.056264061299876
63.399966,0.42504828195152955,0.2551706501745005,-4.075570034635017
63.410028,0.40403863007176255,0.24683319752288502,-4.080395897715205
63.419568999999996,0.40444614057399303,0.23031277310035758,-4.079582738823616
63.43006,0.39151905534108483,0.22670792891820635,-4.100265695898209
63.439553,0.3907396264749104,0.2191965782747511,-4.122042337730445
63.449740999999996,0.3743248153627533,0.22516897573964506,-4.127279504293442
63.459849999999996,0.34621559187729617,0.21247482076877094,-4.146512660422385
63.469493,0.3341253286929221,0.19980434614357104,-4.155668766630848
63.479769,0.28947291144216236,0.208637653659855,-4.1493664027717365
63.489577,0.26696521557039427,0.20891574445529573,-4.161954549091355
63.499869,0.23463263423335598,0.21435884923862045,-4.173909302027605
63.509884,0.18830689947146653,0.22119929495186627,-4.166002839688614
63.519586,0.1905188947128746,0.2295823550439857,-4.187737523821546
63.529928999999996,0.17864493455530686,0.23509482209797816,-4.179531118076792
63.539603,0.17326128560238724,0.2063597854607632,-4.178889783498395
63.549786999999995,0.1651014384080954,0.21312059004052075,-4.17919567420606
63.559922,0.14576509258025008,0.226902264743172,-4.175386135122011
63.569596,0.12338015864566071,0.2279925117540479,-4.17059731949284
63.579744999999996,0.09204308001851032,0.244364780749923,-4.196560712903144
63.589631,0.06498206563053081,0.26630459523262834,-4.190634169250581
63.600209,0.027463219300987565,0.2824705822335136,-4.2196101804772645
63.610085999999995,-0.0024380500098589086,0.29853713813862665,-4.208951171594675
63.619575,-0.04354502161307527,0.3008286370036197,-4.200918744484445
63.629740999999996,-0.11544904766237946,0.329916776070792,-4.220700072254301
63.639491,-0.15921617636473906,0.3483534979461879,-4.206738752364547
63.6498,-0.18356587998164198,0.3721222567363196,-4.193576811731427
63.659788,-0.21839144652192785,0.42975255192855955,-4.220956940693043
63.669644999999996,-0.22502405752452254,0.4646183687538744,-4.2050112903418135
63.679905999999995,-0.24062027237562175,0.50619239836296,-4.218296342416391
63.689572999999996,-0.2368827540864117,0.5255925143933857,-4.227727279290445
63.699721999999994,-0.23483688222818552,0.5597395442056018,-4.222833297257969
63.709959999999995,-0.2311230958508611,0.598512262833158,-4.252860193295001
63.719519,-0.23834857493201766,0.6117671887868468,-4.263901164491681
63.730084,-0.2451238352369026,0.6265311251447259,-4.256805294193358
63.739428,-0.28631355340491293,0.6520634537578467,-4.275035883042804
63.749829999999996,-0.2814076252023918,0.6810600800059757,-4.281668591448261
63.75975,-0.32100496760704283,0.6971956715958242,-4.270232353857434
63.769724,-0.32499157356806085,0.7126938247202823,-4.290911729945826
63.779776,-0.3096436385183184,0.7521631798126291,-4.27373757213817
63.789483999999995,-0.304753019748118,0.7720659001505098,-4.282254268906444
63.799839999999996,-0.29495771036424323,0.7819606635484544,-4.3034800863031855
63.810266,-0.31875108915083694,0.8172436222965757,-4.314907339915775
63.819567,-0.32557231213005394,0.8330177004360149,-4.350612178947614
63.829933999999994,-0.32557070784822073,0.8313938463713502,-4.349999263075816
63.839479,-0.3531161408632738,0.8544751875876219,-4.369521923319482
63.850106999999994,-0.3350659477756179,0.8489420997825632,-4.388328122758635
63.860026,-0.3369646153171299,0.8950100379141204,-4.383358951474703
63.869602,-0.32152166094664486,0.9008196236919048,-4.4091869950650615
63.879785,-0.30657306602096884,0.9130626889906672,-4.399112867229325
63.889526,-0.2697994085997767,0.9316101235008134,-4.429165895871405
63.899749,-0.24946601880558997,0.910299582834881,-4.464319870360702
63.909746,-0.2902976612700101,0.9089488405624646,-4.442574368784566
63.919576,-0.2943124911320008,0.9111854386115394,-4.480630512016116
63.929832999999995,-0.27313037895587194,0.9297480393145268,-4.464226730341478
63.939446999999994,-0.27136876291897377,0.9281157341223889,-4.465665387258017
63.94996,-0.2507580386336211,0.9019132740720792,-4.476214462728429
63.959849,-0.24074475891575348,0.9082457468633316,-4.494070996081321
63.969629,-0.2728272155273539,0.8947764544801498,-4.507430355052332
63.980278,-0.3001196934053764,0.8640159547414141,-4.501461068748265
63.989565999999996,-0.2681366850783148,0.8627387630611323,-4.506729484429428
63.999888999999996,-0.27706618647882686,0.8749108274299264,-4.497888396146296
64.009896,-0.24923005186725597,0.8432411811801601,-4.515626774142678
64.019686,-0.23381811743180975,0.8280133953800703,-4.536024358128241
64.029765,-0.23132844392463645,0.8073812023661389,-4.5448310632140725
64.039552,-0.22628705704021446,0.8307477906207303,-4.54916253247201
64.049913,-0.19423541982840073,0.8124591897944928,-4.5416470966394655
64.060071,-0.16747441760114573,0.7777092766015254,-4.551679713682935
64.069614,-0.14554732278148277,0.7775857297121664,-4.545314891694584
64.079746,-0.10333007356281952,0.7711410316775915,-4.563379655098977
64.089593,-0.08527870018217168,0.7567153237653348,-4.5453954381014245
64.100118,-0.08416750010471795,0.7542041471521007,-4.546955659473351
64.109736,-0.04904209329107179,0.7408627905150009,-4.53236653826832
64.119597,-0.03172416891352629,0.7361821607767169,-4.52874090144779
64.129954,0.007392714002438223,0.7184414508420991,-4.5448412847811515
64.139556,0.03670184289116247,0.689431291330848,-4.533116081655912
64.149783,0.02589349828884757,0.6991230557820117,-4.534778971335154
64.16009,0.04878705831736008,0.6735819494554447,-4.514937356946085
64.169615,0.08405204910900589,0.6511054625947933,-4.5214383595432
64.179767,0.11765993709521254,0.6384365292260563,-4.512078274630074
64.189543,0.1515661240982507,0.6229056372931835,-4.5263927427864505
64.19973999999999,0.1782719447602575,0.6119280123103512,-4.508636872388575
64.209772,0.18491380903129734,0.5898441791562193,-4.515326635931286
64.219627,0.21990192369808423,0.5724854315357589,-4.504475989854958
64.230209,0.24611113892075528,0.5610786439756336,-4.495685934922657
64.239468,0.2892630713793687,0.5225212486170153,-4.519486057422535
64.24987399999999,0.32450521261408877,0.48198053120278705,-4.498603224021082
64.25970199999999,0.3160826642707303,0.4479781904225877,-4.504761947360942
64.269606,0.3430394576358098,0.4361299732587393,-4.48232125317371
64.280203,0.3587835987304341,0.4355620231147481,-4.4780778188810135
64.289587,0.4262251315331965,0.41196020130781,-4.465863682221331
64.299746,0.44556635896145336,0.37235667668854966,-4.46266226908188
64.31007699999999,0.4339984041031016,0.35075795544048294,-4.448119248061065
64.319536,0.41888256852659944,0.3021966195761051,-4.4262608852585075
64.329847,0.39095381528743045,0.2846485724296926,-4.410911867318534
64.339582,0.4532277214148066,0.2741230856317273,-4.38477376761738
64.350095,0.45897745602134976,0.28148503753010656,-4.38346312093144
64.360052,0.4711322858196651,0.25795519068137085,-4.3597049733196656
64.369445,0.4685789395127003,0.22575798781217657,-4.358075252167213
64.37981599999999,0.4237572361517724,0.20660038762769553,-4.334506163439102
64.38954,0.4474743198783955,0.20650274416025874,-4.3193935077783685
64.399799,0.4836919905143384,0.191991866071739,-4.329546211046123
64.40980499999999,0.5234692703145047,0.18681954687198218,-4.294197522579722
64.419435,0.5144373469785366,0.1729235900075181,-4.299597483641088
64.430249,0.5009505278165158,0.15531840750971035,-4.256734757359217
64.439706,0.543593822721989,0.12237415934893825,-4.26339946545753
64.449755,0.5822051964343775,0.11646131511732533,-4.249669041829643
64.459881,0.6186863875490592,0.09919495121171917,-4.24248149255453
64.469476,0.6115890733970517,0.09579877252898822,-4.231184053989585
64.479754,0.6105062633783562,0.06636978086948592,-4.193054320058881
64.489583,0.6102725424345664,0.03762881411911334,-4.1908614902558
64.49978899999999,0.6451415047982461,0.022572703663205906,-4.167112521427914
64.509833,0.6529641548709395,-0.019142955383268878,-4.153287422253975
64.519496,0.6503142594459183,-0.04174140776980667,-4.133237319982404
64.529923,0.6372700902875835,-0.05950928736302058,-4.099885899364514
64.539502,0.6186522793714673,-0.08306228743622984,-4.115689960385392
64.549725,0.6336462697432724,-0.08350026783397518,-4.092822974139423
64.56008299999999,0.63505801483215,-0.13014663550756428,-4.090026206713226
64.56949999999999,0.6235077299922256,-0.15382615039150532,-4.067626845701371
64.579959,0.6192368567506844,-0.15088661334190695,-4.039110438299602
64.589525,0.5956393722342598,-0.17419085232921733,-4.039118602948221
64.600017,0.6149193160967675,-0.19689455706272213,-4.031454816883368
64.60992399999999,0.6341563568795365,-0.21640360382915175,-4.027225838315827
64.619497,0.6238080458205341,-0.23187762397127282,-4.016172267777227
64.629775,0.629198386920509,-0.24782046109969752,-3.9881534455726695
64.63952499999999,0.6247239016673176,-0.27677957580096685,-3.973627366913878
64.649879,0.6515622703857082,-0.29773877874688753,-4.000254577766453
64.659756,0.6885611976232441,-0.30793467730280816,-3.9672528791274764
64.669647,0.7005405304488554,-0.331099825055762,-3.9617815962798413
64.679777,0.7143464240775214,-0.3511662394357519,-3.9745962442750495
64.689557,0.6984027733490031,-0.3651528496825341,-3.933093479156478
64.699733,0.6911414729465136,-0.40764840169098887,-3.9216039106541225
64.709794,0.7300941289696956,-0.41465342953088097,-3.941994252453189
64.719472,0.734438054330031,-0.41244712949000367,-3.9195634933540844
64.730189,0.7425652028229532,-0.4362841332831117,-3.8953809387147547
64.739566,0.735294843957703,-0.465257772464526,-3.9119676658133593
64.74977799999999,0.6939641667129509,-0.4647401853106821,-3.8893752982385963
64.75994,0.6783532096577921,-0.4640005082563245,-3.876153460597569
64.76952,0.7192104174990254,-0.4928872641176974,-3.88900389553666
64.779804,0.7109421896081389,-0.5165625792209889,-3.8920111332793232
64.78962899999999,0.6987980741206151,-0.5045964645316525,-3.8721033479945235
64.799832,0.6934758118658554,-0.5014926203751271,-3.8384931166109406
64.81007199999999,0.665016917967623,-0.5245341868612476,-3.8390688131443587
64.819486,0.6416987503763191,-0.5346321898482873,-3.8605978741837377
64.829831,0.6505309807319429,-0.5341659454424972,-3.8555010421734743
64.839581,0.6690727830669523,-0.5232001921451561,-3.8268564469242548
64.85009099999999,0.6896520519693531,-0.5359043566887154,-3.824272980226016
64.859886,0.6801242794983146,-0.559038358455948,-3.8132174730900545
64.86954899999999,0.705875237346903,-0.5629325864316579,-3.8281559954177076
64.879869,0.6915670201600916,-0.554614178897131,-3.8143643455198295
64.889539,0.6808665062148651,-0.5517236125502836,-3.807389575581111
64.899746,0.7174405623289546,-0.5563735317507603,-3.7999907423894776
64.909983,0.7478023579268421,-0.5652757775489463,-3.805652115444858
64.91950299999999,0.7574268227553295,-0.5816861482381779,-3.8185971858229384
64.92984899999999,0.7505448376019346,-0.6080741950479158,-3.8109298015831334
64.939601,0.7268612489880412,-0.6254058933308779,-3.795883952801302
64.949838,0.6731496871764742,-0.6375209713173531,-3.782011166350078
64.959828,0.6043937891915961,-0.6443569995259977,-3.762797874667878
64.969557,0.6044252388450949,-0.6498629291315465,-3.7579824795266226
64.98008,0.623292446830289,-0.6515457290941551,-3.777970484632345
64.989572,0.5933635953311279,-0.6729946562563294,-3.7762289564957157
64.9998,0.5469476197165533,-0.6738315871668097,-3.7743813967895385
65.009722,0.512904003056782,-0.6824853239805053,-3.771533212130788
65.01952899999999,0.48863726372859206,-0.6888163357293637,-3.75802998918699
65.03007,0.43511515041199306,-0.6677664507531966,-3.7487808976579573
65.039436,0.4070175293219188,-0.6490573619307467,-3.7617447209446806
65.049789,0.4196043922160909,-0.637600383267733,-3.7701177313570864
65.059992,0.412336651767947,-0.6444441693249388,-3.7690673507495727
65.069801,0.37375151379294685,-0.652299271727155,-3.7572605527047584
65.07972699999999,0.36897648352833023,-0.6367941628950613,-3.7567123753342684
65.089544,0.38250425198408133,-0.6248982183468965,-3.754634704318407
65.100065,0.3727925314129112,-0.6215902465167173,-3.755940566806762
65.11004299999999,0.34087949269180484,-0.6265404242497357,-3.758493500584103
65.119618,0.3233075933123744,-0.6467805422444726,-3.757525585792052
65.129768,0.3451426825693348,-0.6256523568559864,-3.759584945076783
65.13959,0.3171179302515661,-0.6235603275178101,-3.7835693365331227
65.14981,0.3033975849513269,-0.635493365353633,-3.7902870604162087
65.159792,0.2801125572388854,-0.6370796448460685,-3.7774995820796557
65.169619,0.24605659906819624,-0.6315439214351604,-3.7555065627360897
65.180156,0.21585823968138884,-0.6319084486435829,-3.76072004322388
65.18959699999999,0.19658408269266675,-0.6208246545812839,-3.7643164763855963
65.199761,0.1789089363185707,-0.6090970221150278,-3.7645618971275607
65.209979,0.1605647643157975,-0.599448619109815,-3.752293381043517
65.219498,0.12573389218633707,-0.596071668890686,-3.7704043248462242
65.229818,0.11445599721183598,-0.58304027096161,-3.776831673718729
65.239443,0.08704339873199404,-0.5418937996479563,-3.7583456774729407
65.2498,0.06535980524570836,-0.5102145850030564,-3.7570955580484973
65.259811,0.045166950539508366,-0.5103808057890129,-3.753057993221143
65.269571,0.040709940499079236,-0.4825585195673275,-3.756025828656258
65.280114,0.007035990479119961,-0.43655199105230197,-3.7579501933548696
65.289445,0.005745712442818676,-0.4278468026286301,-3.7800041524895343
65.29985599999999,-0.0063861302887533505,-0.38287079600390544,-3.768707819733122
65.310103,-0.041100222160413584,-0.34334796103097004,-3.759813016656705
65.319626,-0.07400403096001887,-0.3570964041815256,-3.763722513957695
65.329865,-0.08523970467464494,-0.32012371268143397,-3.766248564555292
65.339446,-0.07927444053429913,-0.2591098496075877,-3.7616466878659343
65.350048,-0.08248720969725594,-0.22574191061641408,-3.78606204671664
65.359984,-0.10761500718870996,-0.19978585679551591,-3.77897540676836
65.369552,-0.14028069472866606,-0.19803644475966303,-3.762988692531995
65.379747,-0.1969399009426589,-0.18456548506930354,-3.768779599885707
65.389505,-0.21172666966864206,-0.1361700605936363,-3.746333989720583
65.39963999999999,-0.20444691429555326,-0.11615233043757645,-3.763561948265178
65.409807,-0.2115849485580151,-0.06936550789001428,-3.762271177485157
65.419594,-0.25569568577972235,-0.07417449736322668,-3.7496224122308086
65.429777,-0.3283191061775066,-0.04101749851386738,-3.7627826740976347
65.439469,-0.35848157548791826,-0.013521534674880986,-3.727486583156765
65.44978,-0.38023563705342467,0.003404400627126103,-3.739039939050555
65.459727,-0.38618645692773007,0.04209646398589978,-3.7310612840293644
65.46958599999999,-0.4491787432682037,0.05899849548865849,-3.743161350521636
65.479619,-0.4852956535462839,0.08233286059683342,-3.7282075244912725
65.490223,-0.5216564318507454,0.12200927690679353,-3.7242895531445037
65.499915,-0.5207381810403248,0.1576636498160112,-3.7190200316547943
65.509923,-0.5340663195410891,0.17961767365200818,-3.747394104881065
65.519524,-0.5579554567640059,0.2122052326670727,-3.736173774976154
65.529573,-0.5690248466672929,0.24097965442305427,-3.7234697078354437
65.539833,-0.5637046241422821,0.23573597905945687,-3.7195453365501083
65.54977,-0.5698312102794231,0.256600936177677,-3.736274489497418
65.560152,-0.6016505474827549,0.2515861001574595,-3.758344411236252
65.569671,-0.6231179582633519,0.2940814745490139,-3.7419134484438303
65.579439,-0.6230926048809111,0.3029455155214022,-3.719408560065246
65.58986999999999,-0.6104598996335779,0.30652852428198274,-3.749669532279887
65.59978699999999,-0.6766086047378792,0.29872045598516284,-3.7454042453768666
65.60985099999999,-0.7093118954978912,0.2823796710201436,-3.7471748339328523
65.619511,-0.7027746189427714,0.3183516802718809,-3.7292098282101773
65.629462,-0.7207467121533976,0.31888126516188153,-3.765691128186901
65.639861,-0.7460716357742315,0.36489954504132643,-3.7558049820741117
65.650117,-0.7826530715847025,0.3501226254597769,-3.733788448542646
65.660063,-0.7615760112203123,0.37583531545723725,-3.742788383644896
65.669646,-0.784441100975993,0.3837510883603687,-3.76364287282419
65.679441,-0.7898247843063647,0.4323255048512629,-3.7554799431169292
65.689807,-0.7661722385457855,0.4571887906469619,-3.7288481142245113
65.699932,-0.7606863051673096,0.4374367868570154,-3.760517456806706
65.70976999999999,-0.811292882636377,0.44942561932295294,-3.759781756079406
65.719589,-0.8402737869225935,0.45589327577636723,-3.7412234067232473
65.729499,-0.7689715842820325,0.4814330700295739,-3.750792947817556
65.740133,-0.7649912350201893,0.5060078257388478,-3.7429465028075977
65.749991,-0.7722717638862933,0.5259193352492999,-3.7209595797349784
65.75973499999999,-0.7369050501676899,0.5405692931129868,-3.717070405246998
65.769606,-0.7517224606766013,0.5171439136590429,-3.734106669302076
65.77946,-0.7400380063097532,0.5479046196626547,-3.7137444826490644
65.789807,-0.6942427846295762,0.5702811540359345,-3.700238830364245
65.799837,-0.7085661221726002,0.5979434360637387,-3.717892313204129
65.8102,-0.6800639585016498,0.6460792189849139,-3.673840653660697
65.81947699999999,-0.6448102320602652,0.6276263167813889,-3.6740037231787785
65.829503,-0.6736548010391689,0.6217748477887282,-3.6836345707571465
65.839783,-0.6739097844466883,0.6938866226049974,-3.6546246748064593
65.849746,-0.6635109098622618,0.7157474720443733,-3.6543763835459537
65.859741,-0.6897354173285597,0.7473414248398198,-3.648291944184223
65.86952099999999,-0.6370074578934727,0.7888268064187898,-3.6375491860607574
65.879515,-0.6417497493496767,0.8164779100400272,-3.635832186247352
65.889827,-0.6285691188332572,0.8654031084817702,-3.5863005119794304
65.900095,-0.5552791136071438,0.8702232018769449,-3.5733592403115613
65.909883,-0.5769689637925688,0.9027877852844,-3.571151003673346
65.919417,-0.4902338220838492,0.9846708568233244,-3.5739640774784127
65.929643,-0.4146917718664103,0.9802783675601427,-3.5692181190923074
65.93983,-0.40239009298531064,0.9804072429570221,-3.531117164831621
65.949725,-0.27609804250354364,1.011999877949554,-3.561846472748081
65.959878,-0.2581933004818656,1.0524205205987707,-3.5049615039739623
65.969534,-0.18529308417329474,1.0598055798849453,-3.500644748272314
65.97949799999999,-0.09417863123086673,1.0690050589984954,-3.4964038751009414
65.98995599999999,-0.07874943930661607,1.0642044175204297,-3.4641954766364065
65.999762,0.02842372574893494,1.092773365152005,-3.4468320708690565
66.00980299999999,0.0847863518192176,1.0943443122938075,-3.4248609385133
66.019576,0.14541496953090557,1.07686896203242,-3.4216359997267705
66.029543,0.22055210474489048,1.0944172326324204,-3.3824826766950244
66.040132,0.2678327882638077,1.1299379287584583,-3.3821398187504736
66.049754,0.3239914528183776,1.114587335184539,-3.363647743422486
66.060074,0.4164620968619903,1.1028484612863396,-3.313079932277853
66.069484,0.46042681005993774,1.0968879240478195,-3.331319390514009
66.079503,0.5475129227956806,1.1470639982183914,-3.298685530779505
66.089736,0.5861394340529715,1.1410159989723552,-3.2837056351695186
66.10001299999999,0.66905380097524,1.1216137057022992,-3.268106635743545
66.109965,0.7410435701586289,1.1250618172796139,-3.253494636333761
66.11963,0.7737695557768749,1.1252820507969008,-3.2491037628116373
66.129498,0.8906576442376104,1.1566180522634302,-3.2327805390030186
66.139751,0.9630090701107547,1.15593779666196,-3.2257637025029804
66.149727,1.040334382710468,1.1133992040639267,-3.1892873700704256
66.159796,1.14452043803064,1.1064287714157115,-3.2047617912830435
66.169535,1.1921889394923175,1.1034952905300042,-3.192864202345985
66.17956699999999,1.3654658152764465,1.1219260135372962,-3.1807822585087915
66.18976099999999,1.4936973909198685,1.0722013900022889,-3.1743578145322906
66.199842,1.5921904917509613,1.037158804237938,-3.119750335805166
66.20976,1.750246216586332,1.0282705557987204,-3.1247678647270747
66.219486,1.8838036412003236,1.0152333137001253,-3.10639977746592
66.229599,2.0313819446667414,1.0007418187738457,-3.0978917552787144
66.240115,2.136097791141826,0.9443405065929522,-3.076770840724659
66.249824,2.314178345080287,0.9116103784898273,-3.0542164545221646
66.25987599999999,2.4175333079294807,0.865673853958266,-3.0136737202964814
66.269555,2.478435266616481,0.8479620669331323,-3.011140324379937
66.27969999999999,2.5943224952117614,0.8161697275011501,-3.0093317429925617
66.289947,2.7135471915046003,0.785499239432013,-2.9765490460116735
66.299813,2.796011391216881,0.7325890908771823,-2.972472084606331
66.309767,2.867448210291201,0.7127237388467469,-2.947348653053289
66.319514,2.9919873708831823,0.7106745266445746,-2.9315418131871316
66.329805,3.0906632223325614,0.6828143564535001,-2.9126474756503433
66.339776,3.1636284636212766,0.6328821331205896,-2.907023757381268
66.349735,3.233788073826696,0.6088443076203078,-2.9009150417977625
66.360049,3.33314825460746,0.5895370795076187,-2.855833696882357
66.36959999999999,3.4509439826998927,0.5750235600837041,-2.8438936403136226
66.379656,3.5212184136475444,0.5118281258273288,-2.831970697994143
66.389754,3.6064022606667114,0.4594427092101193,-2.81438312821903
66.400087,3.7099581139783133,0.460035004330868,-2.799187519728721
66.40997899999999,3.7597451096988608,0.4159742175697584,-2.751443508159085
66.419532,3.8399164583657357,0.36757143631600214,-2.7148652981009636
66.429531,3.942003631772399,0.35856967920802324,-2.7161961530083913
66.439731,3.974777218724214,0.2950069732754286,-2.675042227513822
66.44975099999999,4.042269211919972,0.24387157867986486,-2.6521506155418755
66.459688,4.130539009623881,0.2084951246786799,-2.625973932862737
66.469749,4.208022596084879,0.18085174452860445,-2.590133675256054
66.479602,4.244941217557791,0.12852843653632268,-2.5505982638595106
66.490156,4.313483940865401,0.06318584294271945,-2.5484548516662637
66.49981199999999,4.364564938847862,0.029519564827735434,-2.521328451334688
66.509828,4.408524850659542,0.021923645613727394,-2.494678488328073
66.519528,4.401354879729562,-0.020090020241161688,-2.4594268130755537
66.52957599999999,4.366928298079518,-0.0712702774321069,-2.4261014333894586
66.539895,4.320996947356762,-0.14282444399257405,-2.3912799806861478
66.54981599999999,4.252464279458516,-0.17935280672248172,-2.359716480597526
66.560009,4.16834616831576,-0.21701863964475693,-2.3284248203348135
66.56953299999999,4.06676697356078,-0.23848834798612312,-2.2991774620259786
66.579633,3.962201545695657,-0.2985858166329682,-2.256811490152407
66.589844,3.846987376351893,-0.3681781413253719,-2.229936165656277
66.59994499999999,3.696885950101977,-0.39160535424421167,-2.1978561269266037
66.61009899999999,3.5609453934827835,-0.3992471444592886,-2.178262408457213
66.619576,3.473774242351199,-0.3947542844496125,-2.1392816259359435
66.62955,3.38854610569438,-0.45604818637548744,-2.1152857409462364
66.639799,3.244259015042419,-0.4951956365897469,-2.076862177069462
66.64982599999999,3.1449665979802877,-0.5015321888404582,-2.0495052127915896
66.65982,3.0320102032054908,-0.4733242619156168,-2.0249583372085955
66.669539,2.9080029766305024,-0.48089859207994406,-1.9965482020187189
66.679587,2.7801764076635305,-0.5026579019388993,-1.9526669745010135
66.689804,2.652140101766237,-0.5114838469474703,-1.9278675219332775
66.69975,2.560406109559944,-0.5081203325886157,-1.886942349838462
66.70998999999999,2.462617156670364,-0.5118909449200633,-1.865319105996714
66.719544,2.3627820110661872,-0.4833871540489623,-1.841205524016733
66.729468,2.261853100490384,-0.49411976508992267,-1.7920278689113092
66.739853,2.1024774298641105,-0.44142938022698813,-1.759241350301918
66.749944,2.045327170171964,-0.45784387048285585,-1.7200569328506785
66.75976899999999,1.9649518141527087,-0.43927199932274025,-1.714017298788574
66.769649,1.85977380846091,-0.44881838146294556,-1.6712665112710559
66.77954,1.7646309179088338,-0.39713995465778645,-1.6335287320384753
66.79022499999999,1.6646386386294874,-0.3730950531287656,-1.6010214787880597
66.799786,1.6276560979848649,-0.3746926256193451,-1.5722074198117335
66.81011099999999,1.5190552137772895,-0.3968719078125265,-1.5195553772845485
66.819523,1.4288273098902882,-0.35603369352223885,-1.4932870843835686
66.82961,1.3492112146227109,-0.3466574569289061,-1.4551332575775562
66.839754,1.3197045298862933,-0.3049449606094627,-1.4288708203053004
66.850083,1.2285360183757186,-0.30579537321691613,-1.361470116474941
66.86004799999999,1.1511163052497169,-0.26776749399344885,-1.332405354085902
66.869565,1.072321493415317,-0.26769245371103073,-1.3101624563887322
66.879542,1.0375411275154651,-0.2578896786870764,-1.2755025090286756
66.889751,0.9819098305042527,-0.2151006175888664,-1.2211520534389084
66.899815,0.900068006197024,-0.16773421958373397,-1.1875848225379344
66.909795,0.8848534614516302,-0.14912173717512317,-1.1606441407460628
66.919586,0.839672169778501,-0.17365101722422954,-1.0921699718387252
66.92954499999999,0.7837718289754387,-0.1468819477511369,-1.0704737675513663
66.939791,0.7534902360097581,-0.1250958521152809,-1.0258283060082007
66.94990899999999,0.7280418227953563,-0.10334274738930022,-0.9760364344168733
66.959997,0.7034536598736358,-0.11541076835208758,-0.9321908448739817
66.96965999999999,0.6879603711609,-0.11131453837606897,-0.8789554281789838
66.979602,0.6569071587437588,-0.10514256825198126,-0.8450461013672141
66.990127,0.5996348533114731,-0.1032081080370163,-0.7821887293986998
66.99976099999999,0.5465793052571116,-0.07811190916797339,-0.7430772150974034
67.010052,0.5422233076759735,-0.05525889163306569,-0.696960094268734
67.019538,0.5127486627393383,-0.037263112347226346,-0.6442314071772346
67.029556,0.4476147403747493,-0.021948752624299406,-0.6221439300116072
67.039804,0.4365463646067776,-0.0058530503561467495,-0.5739223810380438
67.049752,0.4144094526425252,0.04402560715251441,-0.5192499690040395
67.060069,0.37106322446605955,0.07050116753582442,-0.48460976004011425
67.069625,0.38266229666228124,0.11725408244100632,-0.43282270616662233
67.079415,0.35758114366491267,0.15683261464120993,-0.40668442884854006
67.089812,0.3210877370900846,0.14227392322465993,-0.35354067394155386
67.099902,0.26736727151432027,0.1640911247392501,-0.2889827231300328
67.10978,0.2758875435393128,0.25038662447261817,-0.23842154683673988
67.119479,0.27089311627576595,0.29804992920712514,-0.194107965366908
67.129503,0.24587915976860703,0.3314700302759585,-0.14633574135541716
67.139736,0.2715843440189962,0.3742077887331416,-0.09596533135999219
67.150136,0.2544287271255894,0.41281190879988233,-0.06500332236471884
67.159905,0.23368949413637372,0.4619181160682738,-0.016041322843777683
67.169682,0.26497070364894176,0.5830114168070885,0.060392914333843084
67.17947099999999,0.26957936415858186,0.689303177967981,0.07484848480637374
67.189892,0.24565392432976696,0.7554432256799293,0.13548716938648298
67.19977399999999,0.25290169146917585,0.8235112305358004,0.18539465813126488
67.209756,0.2901932110639626,0.8852985178782624,0.21353122889232345
67.21956899999999,0.2756414925437517,0.9954679771824113,0.2552957325907925
67.22947599999999,0.2919513893540401,1.1223967613913055,0.3228563317529276
67.240084,0.3361946860912347,1.1838564658439663,0.35474028713641426
67.24983399999999,0.30970626280532954,1.2600209831395104,0.3878080420795107
67.25977999999999,0.3401114828744719,1.3207236842939596,0.44962636081602736
67.269617,0.36715837385284933,1.3777076086088047,0.4673983198688052
67.279776,0.4010859264520697,1.4916963644683172,0.5216308034485575
67.289773,0.47909470321690745,1.5750324970826433,0.5766040584319944
67.29965,0.5118767814034023,1.6352053898936192,0.6192365817309989
67.309912,0.5348699214966529,1.6994172856559049,0.6543938564571428
67.31951099999999,0.5617716249696812,1.752261584171216,0.6994750122963735
67.329464,0.599445244388469,1.813803336180159,0.7470626522246252
67.33975,0.6393848717798486,1.8911063320737544,0.7841296869551685
67.350145,0.6894644713168554,1.9706033380636605,0.8556309351337312
67.360083,0.6973955421930742,2.03416299586073,0.8903852830200155
67.369753,0.7302559494397295,2.096755724353142,0.9144808855843453
67.379521,0.7804720790897076,2.1625486971511494,0.9566735033473833
67.38978399999999,0.8057415747734081,2.2330751493143937,0.9986767814773742
67.39982599999999,0.8317565286556561,2.324187023946755,1.0407900961519345
67.409772,0.8818642546908688,2.391027386512715,1.0710993228721533
67.419442,0.911121863214626,2.4327299362847583,1.0973363093591701
67.429496,0.9544345275234886,2.503569166108501,1.1422758758681568
67.43979999999999,0.9804735112556143,2.5336726551434565,1.1609615307167231
67.449728,1.0153259265981531,2.571602541395202,1.1955725131035528
67.46002899999999,1.041274531967758,2.632635065704502,1.2351478023626545
67.469546,1.045325973832891,2.663410926441708,1.2652380618022239
67.479563,1.0767126648755303,2.6827112389538,1.2836682118516942
67.48996,1.0696993807137811,2.7295466769702488,1.3351162351386938
67.499748,1.0646892314883583,2.7104728202970287,1.3671381587591656
67.509737,1.1074551164437427,2.7405078523347735,1.4008771165705425
67.51946199999999,1.124758229862286,2.7768680977884443,1.4472198853676437
67.529561,1.070207869297753,2.809386878949754,1.4346840844721624
67.540092,1.1127000580440354,2.8160742704471513,1.485439871610237
67.54981599999999,1.094785982539752,2.848057118346046,1.5283635434127858
67.560062,1.0578412513800777,2.8446542303274946,1.528118500822939
67.56950599999999,1.099237750016337,2.861965898005934,1.5646339490841372
67.579476,1.0725089823945844,2.8848274869894874,1.6003961984871045
67.58994799999999,1.0636060203991997,2.876557173532271,1.6001341390507298
67.60012499999999,1.0490892351158114,2.8945307392444,1.6310601090007326
67.610274,1.0197093516689637,2.910353123455477,1.6568100011478155
67.619469,1.0250830655337082,2.8773205882280766,1.6716667394797564
67.629491,1.0082689544045222,2.887930655055803,1.6847344686626429
67.639882,0.9603165237073352,2.8742839634800736,1.6918826729259475
67.649778,0.9522777424952007,2.8740548032803486,1.7247756299049266
67.659761,0.9279274086246685,2.8812126103163247,1.7379367225605231
67.66949,0.8976775460617008,2.840052691683223,1.7562158867718187
67.679501,0.8799259499289798,2.8270588167601494,1.7821081875789195
67.689737,0.8249612033687584,2.8119844232209825,1.7991934624437385
67.699772,0.8019398393745225,2.759966839778618,1.8253293104207744
67.70978199999999,0.7815414761663613,2.756105390718351,1.8656004511924722
67.719476,0.7118484942483985,2.729864003915418,1.8613640929284907
67.729553,0.7096326487307539,2.6895526701544314,1.9085783649094774
67.740109,0.6797744371981419,2.681119121021404,1.9553628326005006
67.749794,0.5789705288244373,2.6328454156997587,1.9503833079691344
67.759862,0.5532819660797874,2.6141453337738554,2.0118813432982248
67.769577,0.5040621699284702,2.572590727433989,2.0319369459646004
67.779515,0.4772259440722705,2.5703488123366287,2.0692048883460874
67.78988799999999,0.4327895032624458,2.524936962446764,2.095026320003406
67.799894,0.3783060641683871,2.4940062598653467,2.1158353220633606
67.810028,0.37962668604958366,2.4371168220205335,2.1590468134847502
67.819468,0.34302944233350896,2.4163226481083977,2.1771131582525935
67.829608,0.3030849677191386,2.3609793827103887,2.1833314119073646
67.839759,0.2989384950741047,2.3032508252563137,2.2269886014680105
67.84971399999999,0.2513338497585469,2.240756187138397,2.244233490915412
67.85980099999999,0.27587250339718117,2.236852728812617,2.274312251092038
67.86961099999999,0.23630632989663397,2.1610091882034683,2.273044553322418
67.879542,0.23263214063252097,2.0903025809205156,2.3012017448345192
67.889755,0.22226636581992817,2.0555897151786446,2.3561412296855235
67.900157,0.15285343421316738,2.0046500085884027,2.3817519389249857
67.909924,0.15678185631011407,1.9967759527422968,2.4206621387755463
67.91954299999999,0.11176197257744867,1.932074590594766,2.422482574659636
67.929508,0.0936466628363649,1.883791746596222,2.4643929935198807
67.939827,0.08001420353231953,1.8472860500767196,2.5008309606984227
67.949834,0.013437143721258121,1.8018926780757318,2.535953852227304
67.95978699999999,0.0009238543375953215,1.7973255799245538,2.5606339003905902
67.969651,-0.028640441305236627,1.791376954478585,2.568164112804645
67.97953,-0.0615994946954391,1.7837744691682451,2.6166034373065488
67.99004099999999,-0.10609029774093597,1.7589160592433297,2.6127315203073254
67.999844,-0.14436611299107513,1.7769399421090415,2.658766645145949
68.009975,-0.18846430816658638,1.765006732385875,2.676197980789462
68.019498,-0.24573366859579823,1.7739824829396034,2.674986324021781
68.029536,-0.23781266458790948,1.8271661328978768,2.7149872120606693
68.039715,-0.29171091323787984,1.8205937053820225,2.7197363389033624
68.049773,-0.29866236952390446,1.8035701438012592,2.7219594953625634
68.060357,-0.28968966137608976,1.8320951684882514,2.748339033749026
68.069548,-0.31833700109313695,1.8657452605455915,2.75576417143304
68.07954699999999,-0.3112932814133351,1.9066701576206817,2.789581527059532
68.08981299999999,-0.3530271318697842,1.9158026350496662,2.7941087817256407
68.100034,-0.32107436425512037,1.9462570951117515,2.806370175944277
68.109836,-0.3192967168591341,1.9691639821385494,2.822843021951507
68.119567,-0.3546598610507178,1.9540403543359923,2.8189965557375403
68.129589,-0.3088467573576562,1.980919827046641,2.8363312505897973
68.139701,-0.317416068840303,2.0223845706858956,2.8321019912729035
68.149794,-0.3014755407317815,2.0502086674541378,2.842563690679567
68.159858,-0.28251425880619996,2.08837187357926,2.8355289148709355
68.16960399999999,-0.3420465905317634,2.0850916099879946,2.8179595536945574
68.17965,-0.28130843474882056,2.120541184862984,2.8259887550524168
68.189796,-0.2850762968829426,2.137254042890559,2.8237273823082667
68.199765,-0.27715751595135785,2.1543512123592348,2.7966506230400503
68.209904,-0.24768707652494518,2.1757105002743495,2.81034065887298
68.21970999999999,-0.31715047425438103,2.1775761998243004,2.794443555235752
68.22955499999999,-0.3451443326877465,2.20990935984869,2.7830590442746947
68.239811,-0.3673128146265375,2.2271563635104172,2.760416491326636
68.24967,-0.4755831136455376,2.185121320600172,2.762931747399413
68.259745,-0.5641628528685227,2.179027616510925,2.731797312485248
68.269646,-0.6576776265501229,2.179813347912857,2.7132324715172773
68.27959899999999,-0.7397880821195273,2.191557573236861,2.6887883272670026
68.290097,-0.8583535560916637,2.132593552618702,2.6653854192177873
68.299857,-0.9656303348348232,2.0818538655946766,2.637357200505385
68.309934,-1.0559405899455383,2.078282568091504,2.6287980189166613
68.319609,-1.1586003372655451,2.0570959753854248,2.604578697575601
68.329635,-1.2462500513955612,2.0212829676514326,2.5653445531173027
68.339769,-1.2999088896307958,1.9711944242432728,2.5183197296312727
68.350056,-1.4206491395059013,1.9244501266233458,2.506419230068685
68.36030099999999,-1.4707547284083156,1.8747313128804335,2.476963011454768
68.369564,-1.4853498255631312,1.7997921231255265,2.4302587005593583
68.379413,-1.5204593385275527,1.734450887441886,2.4031321455291614
68.38979599999999,-1.5746581894846532,1.7437884551137328,2.382868158112733
68.399822,-1.6265558585900943,1.677437811034552,2.339877312738256
68.40979,-1.6619944441345496,1.5846795192594159,2.278188276198539
68.41950899999999,-1.6767450821419605,1.523388997784725,2.2408324936575976
68.429683,-1.7055302353975232,1.480085609662544,2.228841764701377
68.439802,-1.7082800833098564,1.4302481420898108,2.186240742621954
68.44991999999999,-1.724626775469742,1.398884913668964,2.146041725777582
68.459785,-1.7760045541310772,1.3504623711008255,2.1129440280600473
68.46956899999999,-1.7879691963188078,1.2996137705296023,2.05403706830876
68.47956599999999,-1.765217191243191,1.2503243141696394,2.001224007452417
68.49016,-1.705908519322456,1.233182207621046,1.9832466774075475
68.49973299999999,-1.6791003282912433,1.190827465720339,1.9464308789405553
68.510085,-1.6571014590485789,1.1436141162013915,1.903012481000191
68.519594,-1.6072752329077502,1.0886225380276033,1.8713231765684897
68.529496,-1.5540047798435543,1.0190140330070683,1.8061978829483318
68.539813,-1.5131846481013347,1.0131287824228508,1.7642572348349146
68.54983899999999,-1.4152782732412226,0.9398921367561404,1.7120782950182694
68.56010599999999,-1.3192798994051977,0.8791624836670091,1.668129951224511
68.569553,-1.2380936935141618,0.8364840320711745,1.6234364414406712
68.57950799999999,-1.1314769736102477,0.7963791693812217,1.568518224783002
68.589803,-1.0162950675197657,0.7586608936319122,1.5248689936061262
68.599912,-0.9153506240579905,0.7054330170613707,1.470866472366994
68.610001,-0.8322203952865451,0.6442921292443751,1.416748843906939
68.619528,-0.7524638451451019,0.5836630302482415,1.3596470793624342
68.629666,-0.6753134966671838,0.49467525913132465,1.3051371237816551
68.63987399999999,-0.5587844006427839,0.4564895472241702,1.239104035830948
68.650164,-0.45222136688419995,0.39566136831250365,1.1762092898254957
68.65993399999999,-0.36045379935106264,0.353537877907498,1.1409612929620647
68.669572,-0.26727556388960977,0.2564433498655749,1.0590499631446273
68.679424,-0.20022653009483504,0.18952241797464275,1.0411162237289262
68.689843,-0.14097361269729872,0.1023283370720991,0.9571129562465478
68.699769,-0.06914554939245003,0.028888480464214883,0.9463195429244726
68.709756,0.01220279782503591,-0.0717705841789596,0.8699966486350568
68.71959799999999,0.06883322436883742,-0.12660854663813165,0.8480255277385346
68.729467,0.1183905499572319,-0.18955074500816488,0.7854358645702589
68.740083,0.16904953587580762,-0.25696904437238316,0.7248502186932794
68.749799,0.22226049300256565,-0.39215754231934125,0.6853989747969018
68.75975,0.2667524648819258,-0.4556114550256815,0.631973639781501
68.769514,0.30797615944722107,-0.549080764506293,0.5962502712945376
68.779459,0.3635814556336685,-0.6274893397613903,0.5566909503692158
68.789864,0.4081860423676107,-0.7153005305866675,0.5001908717237571
68.799724,0.4493677162082088,-0.8356821260708209,0.4750469168224607
68.809957,0.47808828566103406,-0.9037824113688668,0.448907751419801
68.819572,0.5116866281703055,-1.0525072778679803,0.4156262545712359
68.82945,0.5238664503876547,-1.1468664251818699,0.41200881677672996
68.8398,0.5717914822430727,-1.2253261311906294,0.35360084596918595
68.850179,0.5899813624411662,-1.3580683514539476,0.33431799148110475
68.860098,0.5854040656412008,-1.462974597533632,0.3237069907322152
68.86960499999999,0.6377770949109167,-1.54448949212291,0.2733044034270058
68.879446,0.6862269675659008,-1.6395233144293608,0.26164003123088664
68.889719,0.6671687927475041,-1.726500066710579,0.2423624880615609
68.899862,0.7145409833560055,-1.8276534105843445,0.1797329183828873
68.909746,0.7587221714681893,-1.8716325279413222,0.1777085897377768
68.919501,0.7653995362041551,-1.9201957431072363,0.16834568587230958
68.929479,0.7925260969639565,-2.0134437992056933,0.14833412074203767
68.939786,0.8530175027427714,-2.100246011353772,0.13427197173954064
68.949865,0.8800766951249349,-2.168444673505314,0.12275871716191045
68.959847,0.8787818047783331,-2.2155522206377722,0.11159960206786756
68.969522,0.9137123199979706,-2.2831475009352915,0.08622760423455356
68.97954899999999,0.9593010133112827,-2.319087550601105,0.08087074678815975
68.989808,0.9882065392700221,-2.3588147939970767,0.06302878375198495
68.999781,0.9827184744884809,-2.4039062516175043,0.06424458300454128
69.009728,1.0017884808852577,-2.441823727603375,0.05380355591513575
69.019453,1.0485314549727427,-2.4911510851215786,0.0285397382431003
69.029491,1.1067074007915036,-2.490093112823229,0.010840189596532657
69.040153,1.1437757361363063,-2.475539537919816,0.01785578277817823
69.049874,1.167306327830162,-2.4971967868067457,0.009824415639848372
69.060262,1.199490902709531,-2.507624870779525,0.00022954981103340266
69.069529,1.2680378372568903,-2.517925494561234,-0.032743065490213885
69.07965399999999,1.3345222956290599,-2.510690790859577,-0.03944479812123425
69.089772,1.3944257321185036,-2.450365760565307,-0.03332011993355688
69.10006899999999,1.4422401945786145,-2.4208242858314843,-0.030638539942474452
69.10991299999999,1.4786104897120012,-2.4074956373983047,-0.0480431127274088
69.11942499999999,1.4895122837306596,-2.390328801991316,-0.05768990572119548
69.129513,1.5110852562554966,-2.3593115598645142,-0.0632776307815952
69.139749,1.5158267169228643,-2.3163581400932722,-0.07873775669718674
69.149789,1.5259949874538963,-2.2603219509970076,-0.07979992877610487
69.159818,1.5194541872083385,-2.2096424245414545,-0.08732658312227448
69.169637,1.5200550079410575,-2.1600344895910912,-0.08303518653251096
69.17949399999999,1.503582339550739,-2.1077318653752095,-0.08448368113438431
69.189841,1.4921225877720155,-2.05232723046775,-0.08495571814347969
69.19975699999999,1.4700070012969344,-2.005472489503307,-0.08208145817547208
69.209805,1.4561854831091858,-1.9488989290204515,-0.06758347736690196
69.219483,1.4552817338606387,-1.897069653887105,-0.05818899206779338
69.229603,1.4573463586275042,-1.8305912860562872,-0.04862174280470333
69.240162,1.4482860910694182,-1.776476659894977,-0.05403619969827922
69.249701,1.4329312919852968,-1.742088002321411,-0.056308315401066844
69.259922,1.439479592248405,-1.6663402831738825,-0.06020622176585566
69.269686,1.4355095447676225,-1.5764644962295256,-0.05670861236462965
69.27953,1.4226524405998207,-1.4972342422004188,-0.055695737574399606
69.289772,1.4192240788777233,-1.3913695064842873,-0.059727698874516344
69.299787,1.4403669033378443,-1.2856367172187604,-0.06107936933858693
69.31006,1.4008480389624147,-1.1733341761504146,-0.04584001552061179
69.319557,1.4183247184858754,-1.041181603942861,-0.0337602145455691
69.329534,1.4141935438139397,-0.9214486482491457,-0.03310064272055646
69.339765,1.4004656354707823,-0.8188179212414455,-0.03393505834633981
69.35006,1.3549778171067786,-0.6683663031870215,-0.04252336910941956
69.359787,1.3519418168828485,-0.5342975710366635,-0.04705862799592464
69.36956599999999,1.3565891921507145,-0.37280117734609636,-0.06104613205688714
69.37952899999999,1.350819363914296,-0.19930986064799155,-0.08220945694691428
69.389754,1.3688690527990892,-0.05206304764331349,-0.09945575587051536
69.399808,1.3596372588658787,0.08294362787681897,-0.08854336213262948
69.409859,1.3483751087715257,0.2498577958869394,-0.10034388628959512
69.419499,1.342638930346423,0.4347924491228434,-0.09734153014731262
69.42960099999999,1.3374405129190932,0.6203443555209307,-0.1184991311889747
69.439795,1.373877895680797,0.7459447542706787,-0.11461561179439483
69.449784,1.3769805881920831,0.8658086136316808,-0.11086485818013903
69.459805,1.317184208866548,1.0012663673651208,-0.10724499677416532
69.469518,1.2908882592929218,1.1723712059842388,-0.109210797780533
69.479737,1.3395589326933801,1.309211415203834,-0.12732285312132197
69.49016999999999,1.3895191622032919,1.4491354895416508,-0.13527907111521653
69.49973899999999,1.3836804587102884,1.5862421699725386,-0.11945049323030155
69.50980899999999,1.3447209730302851,1.6839717357865427,-0.11586266589466376
69.519544,1.3773705318083287,1.7638073598334085,-0.12948206749058655
69.529591,1.409417447847842,1.8756448940848591,-0.13956853683719772
69.539731,1.4505556170030192,1.997588103228262,-0.1336813668443282
69.549798,1.4480252348444593,2.099580921945177,-0.10952019498988275
69.559956,1.4699494648751612,2.1381210426261568,-0.12181145749839817
69.569547,1.5008266589280357,2.2143312533058945,-0.12231847931045459
69.57961499999999,1.5261800585513008,2.330134486288454,-0.09591572467413112
69.58979,1.5793008206619803,2.4189216534220574,-0.0801380941963683
69.600104,1.6424829279200668,2.4766368495004225,-0.08517394630849884
69.61044199999999,1.6541840438994653,2.5239293703273855,-0.07112792033831616
69.61957199999999,1.6727544654763362,2.555629864624805,-0.04021209174132778
69.62951199999999,1.7025286756665678,2.5911514946720926,-0.046902061548828256
69.63975099999999,1.7272704543026776,2.6395260348360687,-0.025556639212362953
69.64976399999999,1.7953551494191768,2.701132450861634,-0.0030851600028283244
69.65983899999999,1.8359542225849532,2.6976458766275764,0.009372162863435118
69.669589,1.8582496146753278,2.744638975440525,0.04598860066566557
69.679613,1.8806373045369338,2.7896099916028767,0.05615051709472363
69.68984999999999,1.9126467033000114,2.808217116856034,0.08285831446117009
69.69973399999999,1.9807194064098737,2.8401265803205042,0.11378318433216972
69.71002299999999,1.9993375782894174,2.8573303772348773,0.09948456418843077
69.71954099999999,2.009745465499941,2.871690739310599,0.11366070314431154
69.729548,2.0605010521027403,2.8667838771868905,0.1566012256356153
69.739744,2.0638714075776585,2.8734649203119615,0.15935969656280213
69.749764,2.1331096099753064,2.9321386862406897,0.20111270099838552
69.75983099999999,2.1351341276964444,2.928390900547749,0.20745681629197477
69.76959599999999,2.172248586143769,2.9089221957396454,0.23560425606237922
69.779667,2.2053309686994096,2.913634498584875,0.2680460718030706
69.79017999999999,2.192292895811982,2.8874255182748696,0.28329605971767546
69.799841,2.260363192499211,2.8809267616723133,0.3234619194945634
69.810102,2.2940735998235904,2.821817416038996,0.3191111816659111
69.81949999999999,2.340175606025548,2.8024001743001286,0.3801036848731416
69.829578,2.29840759009576,2.7408056757966035,0.3978600594739117
69.83978499999999,2.3646747886016604,2.700322483345005,0.44058927513035795
69.850088,2.3537113787016892,2.6463563105483696,0.45839923847368236
69.859911,2.385378228917445,2.6189373694258204,0.5231108107291689
69.86962199999999,2.3755785421359987,2.5198149374822476,0.5334030807861703
69.87953499999999,2.388956608179026,2.4348832892956915,0.5882790819135231
69.889843,2.3467065800448967,2.3599842753413456,0.613608262610792
69.89989,2.3262657835824654,2.2988511969390846,0.6604150126303938
69.909797,2.2546024055366303,2.193821707637455,0.6807706389166143
69.919511,2.265173918034388,2.127088682985049,0.7250710423572173
69.929486,2.2143418472954233,2.062407649380037,0.7565747256520307
69.939735,2.1605408868791174,2.001220598353456,0.7994411016750774
69.949882,2.0791990942988283,1.9096883388571508,0.837125418215823
69.95982699999999,1.9902065619027354,1.8078084959583003,0.8613027933166783
69.969638,1.9131524646047973,1.7945664271775763,0.8929744334595889
69.979654,1.7793080568903583,1.7022976705426838,0.9423415771669932
69.990076,1.7492189490959456,1.6613832585952184,0.98570576184081
69.999808,1.6268301564047591,1.64192900378276,0.9762139023643166
70.010003,1.5271557999468035,1.622952985382723,1.020805339716961
70.01962999999999,1.4077632155608073,1.5871236197036833,1.0790811635386375
70.029643,1.289329052056286,1.5463050578658109,1.0863325918782925
70.039785,1.1647151949565957,1.50000191482983,1.140063863437988
70.049849,0.9714142463735335,1.4855038079705587,1.1565700785072137
70.060107,0.8228047907630084,1.4934104192785758,1.2104809666061553
70.069636,0.6548978645110909,1.5003617781617944,1.2628276856539016
70.079515,0.4668464583794506,1.5305989325209253,1.2659138941694525
70.089801,0.28463102273242635,1.5319631507606717,1.3175185411992862
70.099808,0.09764495713625218,1.521069584415928,1.3208542384571755
70.11001,-0.11005616263005198,1.5082091570929121,1.3791341875750325
70.119523,-0.2869884060144354,1.5139166475212393,1.4197689388226107
70.129505,-0.5450691202896799,1.523721576866492,1.4101471038703337
70.139783,-0.7696157435425317,1.5443588520160616,1.4471639188502143
70.150109,-1.0113737897781685,1.5414817329886459,1.4535876408998882
70.160023,-1.2452201139223298,1.524062750315157,1.5100614322418113
70.169624,-1.4625067889531882,1.5122217524195594,1.5197302611923618
70.179547,-1.724904682919127,1.494356315302519,1.5294522319784627
70.18982,-1.9861365848532184,1.4920284737246006,1.5591045167498823
70.199873,-2.2094560700187493,1.5058269189019178,1.5424666990046723
70.20976,-2.4487089270504456,1.516502423239414,1.5962833355463857
70.219546,-2.632407607189469,1.5130239735468407,1.6039701373257569
70.22945299999999,-2.8767173954500707,1.450211785030139,1.62871064972515
70.24010299999999,-3.1498293538130158,1.4139915303545187,1.6260657504921117
70.249979,-3.4001553478916655,1.384657397587592,1.6282833320719683
70.25973499999999,-3.579594298818416,1.3480364735258916,1.6348702095833934
70.26956899999999,-3.767251916787031,1.3296012356111757,1.6174337345084275
70.279448,-3.9460720159996128,1.2987192745494076,1.627793963089582
70.289841,-4.171451370382255,1.2175304445117445,1.6065394233185704
70.299774,-4.323113929007144,1.2078795548697052,1.6335504356798136
70.310249,-4.490663793690691,1.1804543742366918,1.614308054930344
70.319668,-4.646951920809399,1.1472647339818556,1.6126350811939212
70.329465,-4.798578205476315,1.0882342044228013,1.6238889291298202
70.339905,-4.963465529556356,1.0022191904485187,1.6044851576286232
70.35014699999999,-5.095820384513375,0.9659398695538672,1.6068295061206688
70.359762,-5.210715072590696,0.8999059622733754,1.616347079942937
70.36951499999999,-5.309910264444524,0.8888637764062652,1.6044555643585245
70.37947,-5.418537407308032,0.8322358651470054,1.60506517426381
70.38987,-5.5236089287934105,0.7624008813691654,1.6118155338229292
70.39984,-5.652821706120182,0.7200586585963369,1.5970673595339766
70.409736,-5.793411866813227,0.6418706950105736,1.5708222943420127
70.419521,-5.850210204368524,0.6538612979161502,1.5774704095826173
70.42956099999999,-5.92826739606708,0.5925157381154409,1.5905331024664686
70.439752,-5.995377610295232,0.5776725043987602,1.5821339938264856
70.449756,-6.094589996612615,0.5162224829329312,1.5518993891295845
70.459908,-6.1884990053643625,0.48518267772817775,1.5887857702674377
70.469629,-6.281606411783082,0.46759459802065095,1.5651310759150863
70.479463,-6.3342606773864665,0.4254692397732169,1.5524500416777516
70.489876,-6.383971784847095,0.4082446330317334,1.5516227651060985
70.49986299999999,-6.436422461357168,0.3768049090156039,1.5080969375791708
70.509804,-6.486468754857522,0.3123222162105158,1.5149064149235965
70.519545,-6.52667790732534,0.2681057167094713,1.4799239954573025
70.52968899999999,-6.505735686848439,0.26234186442288987,1.4777440228271495
70.540115,-6.479168865747471,0.2550042460420763,1.4254118855552456
70.549768,-6.437480622731469,0.19145908407712756,1.400057070726207
70.560124,-6.403314289971148,0.16472967474270805,1.3765200332571792
70.56945999999999,-6.312167934738696,0.125689316069944,1.3750304002856408
70.579509,-6.238987398828757,0.13554590901957794,1.3550774888448593
70.589927,-6.200167176270473,0.09759910332407867,1.3361921696637824
70.60016999999999,-6.115474881202977,0.07408181571029299,1.2802968135936155
70.610102,-6.028942807195936,0.05250915258267086,1.249717758129366
70.61946,-5.92300069925912,0.008431612535632127,1.2321724611803826
70.629498,-5.872245427783161,-0.01544556705804484,1.1708119815587112
70.639772,-5.744585423376896,-0.031046611943328806,1.1377512739965439
70.649785,-5.634284785385418,-0.059506319441668565,1.0980890842286415
70.659804,-5.539824562587052,-0.0915155692357365,1.0416411332833317
70.669493,-5.422096896150858,-0.11794097862328323,1.0267186079373607
70.679506,-5.316815717949007,-0.1583367720929278,0.9556222117367867
70.68982199999999,-5.104270240025038,-0.18828676573461317,0.9133705392139653
70.699794,-4.991750015101575,-0.23975196629627188,0.8305640201374693
70.709794,-4.799594088294462,-0.26111494978916655,0.7952648466837279
70.719495,-4.666831986396061,-0.3114029512649374,0.7151343155302595
70.729494,-4.485782284949148,-0.3566372587228556,0.6943362913417285
70.74025499999999,-4.322834296954971,-0.3763085671368704,0.6018569956354425
70.750023,-4.1792801797511325,-0.42751793058385407,0.5636878307492758
70.75997,-4.004903918279535,-0.4502485013083111,0.5122277524303471
70.769532,-3.83011122535254,-0.4821449471717221,0.4382736490125181
70.779507,-3.6952153484108625,-0.5393630622556629,0.39794236486115286
70.789624,-3.5215037122518473,-0.5528176525417838,0.3360638110715759
70.800074,-3.369400789724982,-0.5965536180696767,0.2570820144607042
70.810101,-3.1938639907799917,-0.6009222608293363,0.18981725059688004
70.81948899999999,-3.0532018837769943,-0.6037822312299272,0.14674489051701678
70.829532,-2.8826480815873037,-0.6359882290013181,0.06827789075538049
70.839755,-2.7314734423619225,-0.6628550565333529,-0.0018886866167373562
70.849795,-2.5879033568244028,-0.659957288107001,-0.07923889996228417
70.859791,-2.452176971828828,-0.6546201518678845,-0.1353457519434722
70.86962199999999,-2.301452196145908,-0.654213936250299,-0.22063697125339066
70.879575,-2.161998136275926,-0.6536152469205876,-0.3039714365607653
70.890055,-2.0203615655730394,-0.6630709985967638,-0.3671755625867543
70.899748,-1.9024219162118026,-0.6702790196538959,-0.4343359621882459
70.909872,-1.7984241290938274,-0.6561418819351246,-0.5012229062226918
70.91948599999999,-1.7171652836136193,-0.6839548461334575,-0.5710285316430639
70.92952,-1.5876251869573854,-0.6841102666649592,-0.6726375087444274
70.940066,-1.4406415277384161,-0.6657663009270014,-0.7417115128970284
70.949874,-1.3057847265183915,-0.6467876240027992,-0.8104713069947524
70.9598,-1.1770129548062407,-0.6671422590720717,-0.8832068437739267
70.969701,-1.0615938499183397,-0.6888202318423939,-0.944174715525528
70.979575,-0.9839162714070723,-0.7066898572808757,-0.9974237571569029
70.989741,-0.9129569668182348,-0.6972808990678252,-1.0646109024282553
70.99981,-0.8464933698393786,-0.7047171406739283,-1.116160493943517
71.00981,-0.7806057214953207,-0.7286448666043219,-1.1657015188826212
71.019483,-0.7220038216628812,-0.7185520603444624,-1.2108871764941487
71.029572,-0.6746532201041331,-0.6956682463280572,-1.2728447526228348
71.039763,-0.6681830712843576,-0.7112575169306943,-1.3294674155885375
71.04982199999999,-0.6510028974198836,-0.7182742846758166,-1.3953878772255641
71.060014,-0.623162007258627,-0.7108229914684467,-1.4310972197056455
71.06962299999999,-0.5860385189965013,-0.7142929384673189,-1.4695946550309147
71.079627,-0.5636201185970534,-0.6973896808347955,-1.5038662229495516
71.090068,-0.5505953898967273,-0.6787002272759828,-1.5364638144555438
71.100083,-0.544014368013976,-0.668800513522702,-1.5771462243325423
71.11008199999999,-0.5663949302805927,-0.6401255457807571,-1.6133718934593086
71.119501,-0.5837915962479542,-0.6218329285204163,-1.6616893326494666
71.129552,-0.6070760911096652,-0.6155466303978927,-1.692777254849843
71.139741,-0.6327017946546363,-0.6136071166951806,-1.707430501491249
71.14983099999999,-0.6447966472309351,-0.6036379661866831,-1.7366042232642873
71.15989499999999,-0.6734602646789568,-0.6055319240151233,-1.7497797831041764
71.16964899999999,-0.7001843970721328,-0.6219405815605561,-1.7601810927592152
71.179543,-0.716837547167919,-0.6103525216131727,-1.7729057061664832
71.189741,-0.7320092174815492,-0.6175582622983034,-1.7734392215469814
71.19973499999999,-0.7375401051286452,-0.6135341046833502,-1.7737995432451834
71.20997899999999,-0.7446012026183754,-0.6333140115178755,-1.7933381317155566
71.21949699999999,-0.7721380699143783,-0.6573971293318666,-1.7973188419408852
71.229558,-0.7927595314288056,-0.6847523117110401,-1.8136039354082252
71.23983799999999,-0.8026380113662139,-0.6965800399041051,-1.8229752789420086
71.249793,-0.8277795770334834,-0.7079979141975836,-1.8001853727082198
71.259844,-0.8286803755493914,-0.7152836856275091,-1.7718661945683225
71.269561,-0.7749242433509047,-0.7269350173041975,-1.7446810087669622
71.279549,-0.7414425550487116,-0.7294766638129664,-1.719845752066556
71.289797,-0.7134007973436862,-0.7287288851353837,-1.7223422265827946
71.300142,-0.6735172052245955,-0.7161570451946142,-1.728550505042362
71.31011699999999,-0.6266777966107008,-0.727280132702504,-1.7191687050288151
71.31953,-0.5867610588831768,-0.7367360619955869,-1.6965444638119238
71.329616,-0.5459880414603899,-0.7379371534215171,-1.6630269599179068
71.340032,-0.5079583803382433,-0.7288302872059653,-1.61951065494958
71.349734,-0.4359133493755682,-0.6982419383663436,-1.5773448344226488
71.359971,-0.3475400124685412,-0.6821705696157307,-1.5777371214362432
71.36972,-0.2719233287688298,-0.6959300880404677,-1.5512129856910022
71.379542,-0.22263819824016684,-0.6751455054417257,-1.4996698170325322
71.389797,-0.16180901665240652,-0.6271066154132512,-1.4519902059191203
71.399794,-0.061514857369746045,-0.5944538194236775,-1.4050133619188423
71.409784,0.026827121556999515,-0.5718076167345312,-1.370808365966516
71.41965499999999,0.12312174895049727,-0.5499714503169957,-1.3576639750307113
71.429559,0.1902256377246829,-0.5348442587169768,-1.3111000846316596
71.439785,0.28449095174039274,-0.48758711803373483,-1.2702259229693542
71.449771,0.42226201684181475,-0.39350411918847156,-1.2207706640826252
71.459904,0.5296282056488414,-0.3319827358292477,-1.1786633138986709
71.469628,0.6347912857899086,-0.2869624739444487,-1.1508627255887354
71.479547,0.747692120847064,-0.22289863620599498,-1.1293532654355536
71.489811,0.8647328280757303,-0.15209439691477017,-1.0813393219894194
71.499864,0.9806782978308858,-0.055346473961522036,-1.024997935464436
71.509986,1.1059065203854919,0.03699657238097753,-0.9682659005851937
71.519572,1.211190723804507,0.11240653863788774,-0.9397179232089545
71.529594,1.3375771690829696,0.22673388390647028,-0.9014462790915445
71.539763,1.4768550616192366,0.333472357341689,-0.8497834023610578
71.549844,1.6110299055534683,0.4218720789551503,-0.8211135625913579
71.559761,1.739634024084943,0.532653193623934,-0.789651264038095
71.569565,1.8391428071993563,0.6328961992344997,-0.7412235705794501
71.579646,1.9182329042927104,0.721578463525467,-0.6977812344624001
71.589773,1.9856199029724781,0.8377150834602325,-0.6661328162989917
71.600167,2.071443279753013,0.9525881939469218,-0.6438837478463628
71.610174,2.1564028424433883,1.0728001251687713,-0.6269944073586879
71.619558,2.218211054204356,1.1780790573759041,-0.5825360910201902
71.62964699999999,2.27745805294792,1.3083335120813884,-0.5323449938962987
71.639989,2.338945368236664,1.461226050664126,-0.5057982836139554
71.649845,2.427537477618477,1.575159516096282,-0.4912623386219259
71.66006999999999,2.477105013314746,1.6915459570889404,-0.4467769041909717
71.669579,2.538407137184955,1.8191594315927335,-0.41091130466097336
71.67957899999999,2.5547610829904897,1.9582390463545976,-0.36664100442294556
71.689864,2.5184236699048896,2.1120278341683947,-0.31466611779544795
71.699753,2.5017488620044976,2.2495321874161562,-0.28096371469143455
71.709744,2.468417895979834,2.3665646440524744,-0.2424204828495382
71.719555,2.413201248524981,2.49063637994556,-0.21321536298937338
71.72953799999999,2.3571622576651756,2.6030705867151243,-0.17445716884197826
71.73980999999999,2.3144529981286763,2.733825078877232,-0.12392937306974594
71.749911,2.270102415044388,2.871276949191052,-0.07379759426638732
71.759798,2.2037178805116326,3.002435072930999,-0.03393459425049028
71.769488,2.140360402331718,3.106334804052077,0.013396440799556375
71.779642,2.078671491842811,3.1988366857545874,0.04151874491143692
71.790005,1.9890267558589665,3.2777387151811475,0.09726801393261009
71.799807,1.892790151901091,3.363641183055863,0.12698233284454874
71.8099,1.8010184934493407,3.466568346967567,0.17115309312481752
71.819495,1.7235882665477054,3.547806428457324,0.20803572138904514
71.829432,1.6392393107092527,3.6106411628632693,0.2531691825454494
71.840042,1.5279033437116756,3.6657154016581033,0.30170357793426783
71.85017599999999,1.393278429970465,3.6892314115760256,0.3474693381245797
71.860079,1.2950473885755867,3.724488994023449,0.3702646187025216
71.869686,1.2238928543477174,3.772195070057448,0.39449885986456223
71.87938,1.1751813118677774,3.8595090824857547,0.3980071950356916
71.88981799999999,1.0901693407280209,3.9092583317466643,0.4239272785662378
71.899791,0.9935861660592105,3.92310135304043,0.4671877807973812
71.909773,0.9030727057366112,3.9544586055115887,0.5051671075773378
71.91954,0.8488497389859554,3.9853282307919713,0.5262830603168094
71.929498,0.7840938885520429,4.0518582679568365,0.5384064461913214
71.940077,0.7088686095108413,4.060887120238925,0.5591514775134375
71.94977399999999,0.6337979832378459,4.077330390164753,0.5899552985910395
71.96005099999999,0.5561518830276473,4.098983926285146,0.610677382953468
71.96961,0.5068230644671193,4.1215029609917,0.6143322463511272
71.979474,0.45212761952982966,4.13220411664964,0.6478642346181741
71.989727,0.39969440677323764,4.160080501546348,0.6463594239946036
71.999848,0.37213777243336066,4.177683867767845,0.675997871835296
72.00977499999999,0.31585244982866684,4.1446109791228825,0.6918135524401968
72.019497,0.28487012947946505,4.155558254531334,0.6789649796139514
72.029522,0.2704651397211055,4.147810272318466,0.7109241528967906
72.039913,0.26204198977207227,4.111234503060571,0.6992696699521993
72.050203,0.23206167520377338,4.113364066863946,0.6971819435270377
72.060022,0.21160083094806137,4.066720311877845,0.7017120457934022
72.069611,0.1951450132465398,4.0511636941400315,0.6936064061361051
72.079466,0.17462057640512327,4.010931113427926,0.6996002608704208
72.090088,0.1920359494445078,3.9762574723766457,0.7040453705774439
72.09989,0.19140257897945595,3.9350304317378657,0.7149380201897065
72.109898,0.21393107321922072,3.907645868082949,0.7055493733304945
72.119551,0.2002432490033784,3.8535589444310654,0.7302005902575534
72.129539,0.23600564737534901,3.8093888831593024,0.7159349495644821
72.139901,0.26193218241064775,3.7153859608954725,0.735894759417113
72.149869,0.2880657442860718,3.6720525841623965,0.7495535976980521
72.159699,0.37094969860870125,3.6128541779693455,0.7496257560027701
72.169457,0.3928403475828738,3.5390647025149553,0.7477535533818229
72.179502,0.4462818686560859,3.4427144982150604,0.7351856152836262
72.189773,0.506300578524323,3.389275446590116,0.7524197388541315
72.199756,0.5962542590808521,3.276208024053995,0.7459689903852186
72.20994,0.7123867308014522,3.245783965132511,0.7494779558099467
72.21943,0.818941594181751,3.1554437729767963,0.7993796233036882
72.22967299999999,0.9272632760556124,3.0832112014687723,0.7914335753105762
72.239718,1.0353738802780792,3.0065275500332365,0.7863943828545026
72.249736,1.06634808181516,2.9153640748217913,0.8020325095683287
72.259875,1.1338558084319652,2.834382638317281,0.8095061710479996
72.26950599999999,1.1920070654994226,2.776211648583358,0.8178788033082524
72.279474,1.2720053350754534,2.6865673824248675,0.8387248184417446
72.289733,1.3708409099693541,2.5927928583269204,0.8393817202834342
72.300131,1.464140446325595,2.5375875611659864,0.8362674826725125
72.31009399999999,1.5502563982745834,2.4760045218184645,0.8326207094389094
72.31951,1.602259972898831,2.3853068154578643,0.8568219883389916
72.329599,1.6593936225447148,2.3195498358684543,0.8738075800066814
72.33973999999999,1.6916255180083275,2.2465194320897988,0.8706063215658165
72.34974,1.6844441222999418,2.132853337412647,0.8793556277397363
72.359753,1.6642617183439088,2.0346627124607455,0.8906737386219356
72.369512,1.649701164814568,2.0077893245619878,0.9039244246879444
72.37950099999999,1.6313949054291312,1.9287791378923573,0.921633123470528
72.390113,1.6039455746250526,1.8119233413330187,0.9115578955558299
72.399791,1.547921056679109,1.7266487664470902,0.9319669616156052
72.409973,1.5109365049526629,1.6533805221579416,0.9428674034538893
72.419635,1.489692255503672,1.57391764726396,0.9296970747186283
72.429627,1.4771388877222282,1.475026982477993,0.898668596889489
72.439718,1.4466573783226429,1.4030586820232895,0.8921744927042852
72.44976199999999,1.409287214540991,1.3139551046769766,0.8875070639135959
72.459722,1.3866764206435276,1.243208705475169,0.8733290170082553
72.46955899999999,1.3532440067117302,1.1443434399084194,0.8663677173073082
72.479536,1.296783169945592,1.0540197489372851,0.8571817599977158
72.489774,1.2451009558894153,0.9977021802677892,0.833094889310131
72.499814,1.163200764371557,0.899017533916235,0.8312768713078973
72.50976399999999,1.090187343061987,0.7809699507657892,0.8401362312151037
72.51952399999999,1.0067737408240383,0.672561821019517,0.8244260378698249
72.52956499999999,0.9409685640250379,0.6102721127162192,0.7948696776924853
72.53978099999999,0.8617689174013561,0.5264326481379926,0.7713861430223681
72.549796,0.7693671543437528,0.39783639631678963,0.7591246743192029
72.559906,0.7082323284202624,0.2829807610429529,0.750847439531856
72.569544,0.6403815891602761,0.1923090440480106,0.7454604445054192
72.57948499999999,0.5590771018620038,0.11640731957469735,0.7106132602675334
72.59022399999999,0.4736667760855839,-0.03560188997518099,0.6737587756902089
72.60016,0.40254533017030564,-0.16202719325133258,0.6808409580267929
72.609995,0.32333817206984966,-0.22618437727380464,0.6516336322790585
72.61958,0.265428256284937,-0.33738829468837356,0.6108771045816557
72.629717,0.16490350440805812,-0.47810164703699237,0.5996117631124075
72.639747,0.10463923628806346,-0.5665262751256257,0.595385832680337
72.649729,0.06535380064802976,-0.64733658059588,0.5717164476902094
72.659793,0.006754341615751302,-0.7694988143156969,0.5521121867973534
72.669499,-0.02747639160076287,-0.909227240755272,0.520281476381792
72.679596,-0.0782909584790643,-1.019913003787875,0.5203533940442777
72.689737,-0.10916247452010926,-1.192875342930973,0.491982959100004
72.69976299999999,-0.10725738985128161,-1.2836260937241444,0.4738207126563958
72.709964,-0.11994790081058913,-1.3957435350474567,0.48539330847288564
72.71952499999999,-0.13196421806190645,-1.5947354098486781,0.4590649122991919
72.729509,-0.34903556982379563,-1.8152938572362127,0.5521511708457414
72.73973,-0.35748599256389046,-1.983835907204233,0.5532560913057606
72.74974999999999,-0.36000496713272445,-2.094163583073844,0.5431025687083806
72.759832,-0.31122422281024886,-2.190388028867205,0.536878963627796
72.769728,-0.2652138211004954,-2.3481159301704735,0.5353827301824383
72.779536,-0.21006701147135054,-2.436413012124231,0.5332918123823569
72.789755,-0.19345015252233264,-2.6102708728421127,0.5264903564470715
72.799977,-0.0941147922732111,-2.6886816940918288,0.5202929183489895
72.81008,0.02496497434530351,-2.788198773635138,0.4861552506671183
72.819604,0.10885638900678629,-2.8377800431297087,0.5080474179796111
72.829546,0.24454583541323563,-2.9242998100032147,0.4636036433099271
72.84018,0.6365378330370781,-2.8652800119436312,0.3596827929644171
72.849842,0.8477301336176162,-2.934727160589986,0.35263755494656834
72.859945,1.0706859223639038,-2.972679048421116,0.36481698755260616
72.86956099999999,1.2514288049112285,-3.014541006510939,0.3581049531404037
72.879555,1.4808848113025346,-3.021113078792962,0.3611031782569667
72.889785,1.7836293905253358,-3.041163249819463,0.30468782288053475
72.899794,1.978724206939133,-3.058093568248608,0.3376170767359281
72.909865,2.1402421610317446,-3.128898162773624,0.3326920690388311
72.919544,2.404836757995362,-3.08005058292426,0.3222548521187607
72.92956,2.6688227076226623,-3.093603555793484,0.31193423211000404
72.94008699999999,2.891786947495984,-3.0653995880069984,0.26646116167970013
72.949849,3.1036835736354766,-3.0538088638058882,0.29297328822957236
72.96007,3.3174179332550726,-3.0534619607792575,0.29077828118682025
72.96961399999999,3.475729334776447,-3.0103632045336486,0.2744553553162721
72.979536,3.650954908776591,-2.9769559491786177,0.27580664189862847
72.989783,3.8537070253736054,-2.9295991654051923,0.23435581540416206
73.000041,3.966706878996723,-2.8685982282592275,0.24400759886043377
73.00984199999999,4.156034073061801,-2.839711827631774,0.2431522874638552
73.019548,4.34362939332956,-2.7709142068602297,0.19849679342967352
73.029583,4.430566325043914,-2.6973094186214595,0.19236757741632426
73.039752,4.621672255124791,-2.6189150240718546,0.1786626332216088
73.050271,4.741201260761939,-2.6036936840468647,0.15150980807650982
73.05994199999999,4.886876118218936,-2.515646004891609,0.13699219200434043
73.069851,5.00961027268021,-2.4295039146079334,0.08926284242469285
73.079595,5.106334715823067,-2.367956272592933,0.0832477653336583
73.089809,5.260067153237673,-2.307473558583884,0.059020204859486336
73.09984399999999,5.4123100665423785,-2.2114073866520383,0.03790876702744006
73.109509,5.513086948497147,-2.1173206292034297,0.016690306408756905
73.11996599999999,5.687973193972544,-2.0432050834679,0.00019916012959297902
73.12964,5.749685664486129,-1.9799715933547684,-0.06207256302861408
73.140025,5.919371235080681,-1.8820553005952876,-0.08359928067055988
73.14980299999999,6.012596974472774,-1.8420395786791484,-0.1524973409434469
73.15951799999999,6.0812377193999705,-1.7699992345111863,-0.1463226951064831
73.17012299999999,6.265072574418446,-1.64733737013501,-0.1839007107875077
73.179587,6.333877706666719,-1.597764093401517,-0.20246757429651896
